sexo,brand,name,img,emoji,tags,price,budget,levels,pisadas,terrenos,priors,distancias,reason,link
"masculino,outro",Indefinida,DANISH ENDURANCE,imgs/placeholder.png,👟,Pendente,"R$ 191,",300a600,iniciante,"neutra,naosabe",asfalto,custo,curta,Falta descrição automática.,https://www.amazon.com.br/dp/B08K9CFYCF?tag=tenisideal26-20
"masculino,outro",Indefinida,Genérico,imgs/placeholder.png,👟,Pendente,"R$ 95,",300a600,iniciante,"neutra,naosabe",asfalto,custo,curta,Falta descrição automática.,https://www.amazon.com.br/dp/B0FPXPMT87?tag=tenisideal26-20
"masculino,outro",Indefinida,Genérico,imgs/placeholder.png,👟,Pendente,"R$ 109,",300a600,iniciante,"neutra,naosabe",asfalto,custo,curta,Falta descrição automática.,https://www.amazon.com.br/dp/B0FH1JN7GC?tag=tenisideal26-20
"masculino,outro",Indefinida,RUNWAY,imgs/placeholder.png,👟,Pendente,"R$ 134,",300a600,iniciante,"neutra,naosabe",asfalto,custo,curta,Falta descrição automática.,https://www.amazon.com.br/dp/B09Y9KRT21?tag=tenisideal26-20
"masculino,outro",Indefinida,QueroShoes,imgs/placeholder.png,👟,Pendente,"R$ 104,",300a600,iniciante,"neutra,naosabe",asfalto,custo,curta,Falta descrição automática.,https://www.amazon.com.br/dp/B0FJG8NNYX?tag=tenisideal26-20
"masculino,outro",Indefinida,QueroShoes,imgs/placeholder.png,👟,Pendente,"R$ 79,",300a600,iniciante,"neutra,naosabe",asfalto,custo,curta,Falta descrição automática.,https://www.amazon.com.br/dp/B0FC337MQ1?tag=tenisideal26-20
"masculino,outro",Indefinida,QueroShoes,imgs/placeholder.png,👟,Pendente,"R$ 99,",300a600,iniciante,"neutra,naosabe",asfalto,custo,curta,Falta descrição automática.,https://www.amazon.com.br/dp/B0CPTGMMP2?tag=tenisideal26-20
"masculino,outro",Indefinida,FILA,imgs/placeholder.png,👟,Pendente,"R$ 324,",300a600,iniciante,"neutra,naosabe",asfalto,custo,curta,Falta descrição automática.,https://www.amazon.com.br/dp/B0FNSSSQMS?tag=tenisideal26-20
"masculino,outro",Indefinida,ASICS,imgs/placeholder.png,👟,Pendente,"R$ 694,",300a600,iniciante,"neutra,naosabe",asfalto,custo,curta,Falta descrição automática.,https://www.amazon.com.br/dp/B0F5WYMN9L?tag=tenisideal26-20
"masculino,outro",Indefinida,EVOLTENN,imgs/placeholder.png,👟,Pendente,"R$ 199,",300a600,iniciante,"neutra,naosabe",asfalto,custo,curta,Falta descrição automática.,https://www.amazon.com.br/dp/B0FHBH133M?tag=tenisideal26-20
"masculino,outro",Indefinida,New Balance,imgs/placeholder.png,👟,Pendente,"R$ 717,",300a600,iniciante,"neutra,naosabe",asfalto,custo,curta,Falta descrição automática.,https://www.amazon.com.br/dp/B0D2Y8SNWN?tag=tenisideal26-20
"masculino,outro",Indefinida,PUMA,imgs/placeholder.png,👟,Pendente,"R$ 166,",300a600,iniciante,"neutra,naosabe",asfalto,custo,curta,Falta descrição automática.,https://www.amazon.com.br/dp/B0BSLJJG2W?tag=tenisideal26-20
"masculino,outro",Indefinida,Genérico,imgs/placeholder.png,👟,Pendente,"R$ 66,",300a600,iniciante,"neutra,naosabe",asfalto,custo,curta,Falta descrição automática.,https://www.amazon.com.br/dp/B0F49VB2MN?tag=tenisideal26-20
"masculino,outro",Indefinida,Olympikus,imgs/placeholder.png,👟,Pendente,"R$ 246,",300a600,iniciante,"neutra,naosabe",asfalto,custo,curta,Falta descrição automática.,https://www.amazon.com.br/dp/B0DXMJT8NB?tag=tenisideal26-20
"masculino,outro",Indefinida,Brooks,imgs/placeholder.png,👟,Pendente,"R$ 991,",300a600,iniciante,"neutra,naosabe",asfalto,custo,curta,Falta descrição automática.,https://www.amazon.com.br/dp/B0CQTN7FNR?tag=tenisideal26-20
"masculino,outro",Indefinida,NIKE,imgs/placeholder.png,👟,Pendente,"R$ 448,",300a600,iniciante,"neutra,naosabe",asfalto,custo,curta,Falta descrição automática.,https://www.amazon.com.br/dp/B0DPHS9295?tag=tenisideal26-20
"masculino,outro",Indefinida,adidas,imgs/placeholder.png,👟,Pendente,"R$ 373,",300a600,iniciante,"neutra,naosabe",asfalto,custo,curta,Falta descrição automática.,https://www.amazon.com.br/dp/B0C2JVNPX7?tag=tenisideal26-20
"masculino,outro",Indefinida,Under Armour,imgs/placeholder.png,👟,Pendente,"R$ 289,",300a600,iniciante,"neutra,naosabe",asfalto,custo,curta,Falta descrição automática.,https://www.amazon.com.br/dp/B0CHN9GZYX?tag=tenisideal26-20
"masculino,outro",Indefinida,adidas,imgs/placeholder.png,👟,Pendente,"R$ 520,",300a600,iniciante,"neutra,naosabe",asfalto,custo,curta,Falta descrição automática.,https://www.amazon.com.br/dp/B0BXQ2XVJY?tag=tenisideal26-20
"masculino,outro",Indefinida,PUMA,imgs/placeholder.png,👟,Pendente,"R$ 667,",300a600,iniciante,"neutra,naosabe",asfalto,custo,curta,Falta descrição automática.,https://www.amazon.com.br/dp/B0DLG23M6B?tag=tenisideal26-20
"masculino,outro",Indefinida,ASICS,imgs/placeholder.png,👟,Pendente,"R$ 795,",300a600,iniciante,"neutra,naosabe",asfalto,custo,curta,Falta descrição automática.,https://www.amazon.com.br/dp/B0D7J5RQS2?tag=tenisideal26-20
"masculino,outro",Indefinida,ASICS,imgs/placeholder.png,👟,Pendente,"R$ 977,",300a600,iniciante,"neutra,naosabe",asfalto,custo,curta,Falta descrição automática.,https://www.amazon.com.br/dp/B08RXWFD6K?tag=tenisideal26-20
"masculino,outro",Indefinida,Mizuno,imgs/placeholder.png,👟,Pendente,"R$ 309,",300a600,iniciante,"neutra,naosabe",asfalto,custo,curta,Falta descrição automática.,https://www.amazon.com.br/dp/B0FNS6F9TB?tag=tenisideal26-20
"masculino,outro",Indefinida,ASICS,imgs/placeholder.png,👟,Pendente,"R$ 989,",300a600,iniciante,"neutra,naosabe",asfalto,custo,curta,Falta descrição automática.,https://www.amazon.com.br/dp/B00D8717NQ?tag=tenisideal26-20
"masculino,outro",Indefinida,FILA,imgs/placeholder.png,👟,Pendente,"R$ 205,",300a600,iniciante,"neutra,naosabe",asfalto,custo,curta,Falta descrição automática.,https://www.amazon.com.br/dp/B0DVJ5YGXX?tag=tenisideal26-20
"masculino,outro",Indefinida,QueroShoes,imgs/placeholder.png,👟,Pendente,"R$ 79,",300a600,iniciante,"neutra,naosabe",asfalto,custo,curta,Falta descrição automática.,https://www.amazon.com.br/dp/B0GKQJY6JX?tag=tenisideal26-20
"masculino,outro",Indefinida,Diadora Heritage,imgs/placeholder.png,👟,Pendente,"R$ 176,",300a600,iniciante,"neutra,naosabe",asfalto,custo,curta,Falta descrição automática.,https://www.amazon.com.br/dp/B0D8JTVJ1Y?tag=tenisideal26-20
"masculino,outro",Indefinida,Olympikus,imgs/placeholder.png,👟,Pendente,"R$ 166,",300a600,iniciante,"neutra,naosabe",asfalto,custo,curta,Falta descrição automática.,https://www.amazon.com.br/dp/B0FYZXWVV6?tag=tenisideal26-20
"masculino,outro",Indefinida,ASICS,imgs/placeholder.png,👟,Pendente,"R$ 340,",300a600,iniciante,"neutra,naosabe",asfalto,custo,curta,Falta descrição automática.,https://www.amazon.com.br/dp/B0D5GYLF36?tag=tenisideal26-20
"masculino,outro",Indefinida,ASICS,imgs/placeholder.png,👟,Pendente,"R$ 328,",300a600,iniciante,"neutra,naosabe",asfalto,custo,curta,Falta descrição automática.,https://www.amazon.com.br/dp/B0FYRCDH4X?tag=tenisideal26-20
"masculino,outro",Indefinida,Mizuno,imgs/placeholder.png,👟,Pendente,"R$ 349,",300a600,iniciante,"neutra,naosabe",asfalto,custo,curta,Falta descrição automática.,https://www.amazon.com.br/dp/B0CB1W2QBH?tag=tenisideal26-20
"masculino,outro",Indefinida,PUMA,imgs/placeholder.png,👟,Pendente,"R$ 250,",300a600,iniciante,"neutra,naosabe",asfalto,custo,curta,Falta descrição automática.,https://www.amazon.com.br/dp/B0D1YLXLCH?tag=tenisideal26-20
"masculino,outro",Indefinida,ASICS,imgs/placeholder.png,👟,Pendente,"R$ 474,",300a600,iniciante,"neutra,naosabe",asfalto,custo,curta,Falta descrição automática.,https://www.amazon.com.br/dp/B0FLG5YGJM?tag=tenisideal26-20
"masculino,outro",Indefinida,Genérico,imgs/placeholder.png,👟,Pendente,"R$ 159,",300a600,iniciante,"neutra,naosabe",asfalto,custo,curta,Falta descrição automática.,https://www.amazon.com.br/dp/B0GNLPWK3G?tag=tenisideal26-20
"masculino,outro",Indefinida,Genérico,imgs/placeholder.png,👟,Pendente,"R$ 184,",300a600,iniciante,"neutra,naosabe",asfalto,custo,curta,Falta descrição automática.,https://www.amazon.com.br/dp/B0FKCTKVMQ?tag=tenisideal26-20
"masculino,outro",Indefinida,NIKE,imgs/placeholder.png,👟,Pendente,"R$ 954,",300a600,iniciante,"neutra,naosabe",asfalto,custo,curta,Falta descrição automática.,https://www.amazon.com.br/dp/B0CVM76QSR?tag=tenisideal26-20
"masculino,outro",Indefinida,Under Armour,imgs/placeholder.png,👟,Pendente,"R$ 278,",300a600,iniciante,"neutra,naosabe",asfalto,custo,curta,Falta descrição automática.,https://www.amazon.com.br/dp/B0F4468TBW?tag=tenisideal26-20
"masculino,outro",Indefinida,Mizuno,imgs/placeholder.png,👟,Pendente,"R$ 429,",300a600,iniciante,"neutra,naosabe",asfalto,custo,curta,Falta descrição automática.,https://www.amazon.com.br/dp/B0GHT2PLVM?tag=tenisideal26-20
"masculino,outro",Indefinida,QueroShoes,imgs/placeholder.png,👟,Pendente,"R$ 99,",300a600,iniciante,"neutra,naosabe",asfalto,custo,curta,Falta descrição automática.,https://www.amazon.com.br/dp/B0BSNNDPR4?tag=tenisideal26-20
"masculino,outro",Indefinida,Olympikus,imgs/placeholder.png,👟,Pendente,"R$ 176,",300a600,iniciante,"neutra,naosabe",asfalto,custo,curta,Falta descrição automática.,https://www.amazon.com.br/dp/B0DD1N8FTC?tag=tenisideal26-20
"masculino,outro",Indefinida,Genérico,imgs/placeholder.png,👟,Pendente,"R$ 78,",300a600,iniciante,"neutra,naosabe",asfalto,custo,curta,Falta descrição automática.,https://www.amazon.com.br/dp/B0F67D5T6H?tag=tenisideal26-20
"masculino,outro",Indefinida,ASICS,imgs/placeholder.png,👟,Pendente,"R$ 449,",300a600,iniciante,"neutra,naosabe",asfalto,custo,curta,Falta descrição automática.,https://www.amazon.com.br/dp/B0DCPY7VJ1?tag=tenisideal26-20
"masculino,outro",Indefinida,NIKE,imgs/placeholder.png,👟,Pendente,"R$ 1.083,",300a600,iniciante,"neutra,naosabe",asfalto,custo,curta,Falta descrição automática.,https://www.amazon.com.br/dp/B0CTMY8MFN?tag=tenisideal26-20
"masculino,outro",Indefinida,New Balance,imgs/placeholder.png,👟,Pendente,"R$ 830,",300a600,iniciante,"neutra,naosabe",asfalto,custo,curta,Falta descrição automática.,https://www.amazon.com.br/dp/B0DJTYDL2M?tag=tenisideal26-20
"masculino,outro",Indefinida,OLDSEN,imgs/placeholder.png,👟,Pendente,"R$ 151,",300a600,iniciante,"neutra,naosabe",asfalto,custo,curta,Falta descrição automática.,https://www.amazon.com.br/dp/B0D1Z2ZP4M?tag=tenisideal26-20
"masculino,outro",Indefinida,Genérico,imgs/placeholder.png,👟,Pendente,"R$ 98,",300a600,iniciante,"neutra,naosabe",asfalto,custo,curta,Falta descrição automática.,https://www.amazon.com.br/dp/B0FQPQHF76?tag=tenisideal26-20
"masculino,outro",Indefinida,PUMA,imgs/placeholder.png,👟,Pendente,"R$ 260,",300a600,iniciante,"neutra,naosabe",asfalto,custo,curta,Falta descrição automática.,https://www.amazon.com.br/dp/B0C342R328?tag=tenisideal26-20
"masculino,outro",Indefinida,Skechers,imgs/placeholder.png,👟,Pendente,"R$ 602,",300a600,iniciante,"neutra,naosabe",asfalto,custo,curta,Falta descrição automática.,https://www.amazon.com.br/dp/B0D5SYGY6W?tag=tenisideal26-20
"masculino,outro",Indefinida,ASICS,imgs/placeholder.png,👟,Pendente,"R$ 711,",300a600,iniciante,"neutra,naosabe",asfalto,custo,curta,Falta descrição automática.,https://www.amazon.com.br/dp/B0F5CS9T3Q?tag=tenisideal26-20
"masculino,outro",Indefinida,ASICS,imgs/placeholder.png,👟,Pendente,"R$ 1.402,",300a600,iniciante,"neutra,naosabe",asfalto,custo,curta,Falta descrição automática.,https://www.amazon.com.br/dp/B09MJWDZHT?tag=tenisideal26-20
"masculino,outro",Indefinida,ASICS,imgs/placeholder.png,👟,Pendente,"R$ 1.107,",300a600,iniciante,"neutra,naosabe",asfalto,custo,curta,Falta descrição automática.,https://www.amazon.com.br/dp/B0B4867VVG?tag=tenisideal26-20
"masculino,outro",Indefinida,ASICS,imgs/placeholder.png,👟,Pendente,"R$ 2.254,",300a600,iniciante,"neutra,naosabe",asfalto,custo,curta,Falta descrição automática.,https://www.amazon.com.br/dp/B0CVM73SRD?tag=tenisideal26-20
"masculino,outro",Indefinida,DANISH ENDURANCE,imgs/placeholder.png,👟,Pendente,"R$ 191,",300a600,iniciante,"neutra,naosabe",asfalto,custo,curta,Falta descrição automática.,https://www.amazon.com.br/dp/B08K99TK5X?tag=tenisideal26-20
"masculino,outro",Indefinida,Genérico,imgs/placeholder.png,👟,Pendente,"R$ 95,",300a600,iniciante,"neutra,naosabe",asfalto,custo,curta,Falta descrição automática.,https://www.amazon.com.br/dp/B0FPXRRSN9?tag=tenisideal26-20
"masculino,outro",Indefinida,Genérico,imgs/placeholder.png,👟,Pendente,"R$ 109,",300a600,iniciante,"neutra,naosabe",asfalto,custo,curta,Falta descrição automática.,https://www.amazon.com.br/dp/B0FH1CBLWH?tag=tenisideal26-20
"masculino,outro",Indefinida,RUNWAY,imgs/placeholder.png,👟,Pendente,"R$ 134,",300a600,iniciante,"neutra,naosabe",asfalto,custo,curta,Falta descrição automática.,https://www.amazon.com.br/dp/B09YBB233W?tag=tenisideal26-20
"masculino,outro",Indefinida,ASICS,imgs/placeholder.png,👟,Pendente,"R$ 722,",300a600,iniciante,"neutra,naosabe",asfalto,custo,curta,Falta descrição automática.,https://www.amazon.com.br/dp/B0F5BNYN2J?tag=tenisideal26-20
"masculino,outro",Indefinida,Olympikus,imgs/placeholder.png,👟,Pendente,"R$ 267,",300a600,iniciante,"neutra,naosabe",asfalto,custo,curta,Falta descrição automática.,https://www.amazon.com.br/dp/B0FWKVBVN4?tag=tenisideal26-20
"masculino,outro",Indefinida,DM DAMANDO,imgs/placeholder.png,👟,Pendente,"R$ 78,",300a600,iniciante,"neutra,naosabe",asfalto,custo,curta,Falta descrição automática.,https://www.amazon.com.br/dp/B0DF4TDFWX?tag=tenisideal26-20
"masculino,outro",Indefinida,YOSFDC,imgs/placeholder.png,👟,Pendente,"R$ 178,",300a600,iniciante,"neutra,naosabe",asfalto,custo,curta,Falta descrição automática.,https://www.amazon.com.br/dp/B0F62PJ61N?tag=tenisideal26-20
"masculino,outro",Indefinida,Mizuno,imgs/placeholder.png,👟,Pendente,"R$ 309,",300a600,iniciante,"neutra,naosabe",asfalto,custo,curta,Falta descrição automática.,https://www.amazon.com.br/dp/B0FNS4VJGT?tag=tenisideal26-20
"masculino,outro",Indefinida,ASICS,imgs/placeholder.png,👟,Pendente,"R$ 515,",300a600,iniciante,"neutra,naosabe",asfalto,custo,curta,Falta descrição automática.,https://www.amazon.com.br/dp/B072BWZF8B?tag=tenisideal26-20
"masculino,outro",Indefinida,Olympikus,imgs/placeholder.png,👟,Pendente,"R$ 549,",300a600,iniciante,"neutra,naosabe",asfalto,custo,curta,Falta descrição automática.,https://www.amazon.com.br/dp/B0FQ13YWVG?tag=tenisideal26-20
"masculino,outro",Indefinida,Olympikus,imgs/placeholder.png,👟,Pendente,"R$ 549,",300a600,iniciante,"neutra,naosabe",asfalto,custo,curta,Falta descrição automática.,https://www.amazon.com.br/dp/B0FR5M336Y?tag=tenisideal26-20
"masculino,outro",Indefinida,Avia,imgs/placeholder.png,👟,Pendente,"R$ 373,",300a600,iniciante,"neutra,naosabe",asfalto,custo,curta,Falta descrição automática.,https://www.amazon.com.br/dp/B09PNYGXCB?tag=tenisideal26-20
"masculino,outro",Indefinida,ALTRA,imgs/placeholder.png,👟,Pendente,"R$ 2.025,",300a600,iniciante,"neutra,naosabe",asfalto,custo,curta,Falta descrição automática.,https://www.amazon.com.br/dp/B0FD2R2HDC?tag=tenisideal26-20
"masculino,outro",Indefinida,Avia,imgs/placeholder.png,👟,Pendente,"R$ 364,",300a600,iniciante,"neutra,naosabe",asfalto,custo,curta,Falta descrição automática.,https://www.amazon.com.br/dp/B076CNDMGV?tag=tenisideal26-20
"masculino,outro",Indefinida,ALTRA,imgs/placeholder.png,👟,Pendente,"R$ 1.027,",300a600,iniciante,"neutra,naosabe",asfalto,custo,curta,Falta descrição automática.,https://www.amazon.com.br/dp/B0DN7YDV6M?tag=tenisideal26-20
"masculino,outro",Indefinida,Genérico,imgs/placeholder.png,👟,Pendente,"R$ 119,",300a600,iniciante,"neutra,naosabe",asfalto,custo,curta,Falta descrição automática.,https://www.amazon.com.br/dp/B0FPXSGF3M?tag=tenisideal26-20
"masculino,outro",Indefinida,Mizuno,imgs/placeholder.png,👟,Pendente,"R$ 329,",300a600,iniciante,"neutra,naosabe",asfalto,custo,curta,Falta descrição automática.,https://www.amazon.com.br/dp/B0CB1SH96X?tag=tenisideal26-20
"masculino,outro",Indefinida,Mizuno,imgs/placeholder.png,👟,Pendente,"R$ 309,",300a600,iniciante,"neutra,naosabe",asfalto,custo,curta,Falta descrição automática.,https://www.amazon.com.br/dp/B0FNS475CN?tag=tenisideal26-20
"masculino,outro",Indefinida,Luiza Paula,imgs/placeholder.png,👟,Pendente,"R$ 99,",300a600,iniciante,"neutra,naosabe",asfalto,custo,curta,Falta descrição automática.,https://www.amazon.com.br/dp/B0CBN3CRDX?tag=tenisideal26-20
"masculino,outro",Indefinida,Under Armour,imgs/placeholder.png,👟,Pendente,"R$ 186,",300a600,iniciante,"neutra,naosabe",asfalto,custo,curta,Falta descrição automática.,https://www.amazon.com.br/dp/B0FX3BNJ4K?tag=tenisideal26-20
"masculino,outro",Indefinida,Olympikus,imgs/placeholder.png,👟,Pendente,"R$ 214,",300a600,iniciante,"neutra,naosabe",asfalto,custo,curta,Falta descrição automática.,https://www.amazon.com.br/dp/B0FT5RB96N?tag=tenisideal26-20
"masculino,outro",Indefinida,FILA,imgs/placeholder.png,👟,Pendente,"R$ 269,",300a600,iniciante,"neutra,naosabe",asfalto,custo,curta,Falta descrição automática.,https://www.amazon.com.br/dp/B0F7VN1L5L?tag=tenisideal26-20
"masculino,outro",Indefinida,Mizuno,imgs/placeholder.png,👟,Pendente,"R$ 329,",300a600,iniciante,"neutra,naosabe",asfalto,custo,curta,Falta descrição automática.,https://www.amazon.com.br/dp/B0FFTY2MGZ?tag=tenisideal26-20
"masculino,outro",Indefinida,Olympikus,imgs/placeholder.png,👟,Pendente,"R$ 249,",300a600,iniciante,"neutra,naosabe",asfalto,custo,curta,Falta descrição automática.,https://www.amazon.com.br/dp/B0CWDCHWWQ?tag=tenisideal26-20
"masculino,outro",Indefinida,Olympikus,imgs/placeholder.png,👟,Pendente,"R$ 184,",300a600,iniciante,"neutra,naosabe",asfalto,custo,curta,Falta descrição automática.,https://www.amazon.com.br/dp/B0CYXBH9T9?tag=tenisideal26-20
"masculino,outro",Indefinida,FILA,imgs/placeholder.png,👟,Pendente,"R$ 275,",300a600,iniciante,"neutra,naosabe",asfalto,custo,curta,Falta descrição automática.,https://www.amazon.com.br/dp/B0F7S1QH3Z?tag=tenisideal26-20
"masculino,outro",Indefinida,Mizuno,imgs/placeholder.png,👟,Pendente,"R$ 276,",300a600,iniciante,"neutra,naosabe",asfalto,custo,curta,Falta descrição automática.,https://www.amazon.com.br/dp/B0FFTSVQKT?tag=tenisideal26-20
"masculino,outro",Indefinida,FILA,imgs/placeholder.png,👟,Pendente,"R$ 294,",300a600,iniciante,"neutra,naosabe",asfalto,custo,curta,Falta descrição automática.,https://www.amazon.com.br/dp/B0F9FWFNTV?tag=tenisideal26-20
"masculino,outro",Indefinida,Mizuno,imgs/placeholder.png,👟,Pendente,"R$ 385,",300a600,iniciante,"neutra,naosabe",asfalto,custo,curta,Falta descrição automática.,https://www.amazon.com.br/dp/B0FFTRKBBC?tag=tenisideal26-20
"masculino,outro",Indefinida,Olympikus,imgs/placeholder.png,👟,Pendente,"R$ 247,",300a600,iniciante,"neutra,naosabe",asfalto,custo,curta,Falta descrição automática.,https://www.amazon.com.br/dp/B0FLKBJKVP?tag=tenisideal26-20
"masculino,outro",Indefinida,Olympikus,imgs/placeholder.png,👟,Pendente,"R$ 339,",300a600,iniciante,"neutra,naosabe",asfalto,custo,curta,Falta descrição automática.,https://www.amazon.com.br/dp/B0FRVDTGLH?tag=tenisideal26-20
"masculino,outro",Indefinida,FILA,imgs/placeholder.png,👟,Pendente,"R$ 184,",300a600,iniciante,"neutra,naosabe",asfalto,custo,curta,Falta descrição automática.,https://www.amazon.com.br/dp/B0DYVS2YG8?tag=tenisideal26-20
"masculino,outro",Indefinida,New Balance,imgs/placeholder.png,👟,Pendente,"R$ 769,",300a600,iniciante,"neutra,naosabe",asfalto,custo,curta,Falta descrição automática.,https://www.amazon.com.br/dp/B0CNKZRBZY?tag=tenisideal26-20
"masculino,outro",Indefinida,New Balance,imgs/placeholder.png,👟,Pendente,"R$ 769,",300a600,iniciante,"neutra,naosabe",asfalto,custo,curta,Falta descrição automática.,https://www.amazon.com.br/dp/B0DJTX7RCK?tag=tenisideal26-20
"masculino,outro",Indefinida,ASICS,imgs/placeholder.png,👟,Pendente,"R$ 699,",300a600,iniciante,"neutra,naosabe",asfalto,custo,curta,Falta descrição automática.,https://www.amazon.com.br/dp/B0FV7F25X8?tag=tenisideal26-20
"masculino,outro",Indefinida,Olympikus,imgs/placeholder.png,👟,Pendente,"R$ 249,",300a600,iniciante,"neutra,naosabe",asfalto,custo,curta,Falta descrição automática.,https://www.amazon.com.br/dp/B0DY2VFYH8?tag=tenisideal26-20
"masculino,outro",Indefinida,FILA,imgs/placeholder.png,👟,Pendente,"R$ 209,",300a600,iniciante,"neutra,naosabe",asfalto,custo,curta,Falta descrição automática.,https://www.amazon.com.br/dp/B0FCVRTXXJ?tag=tenisideal26-20
"masculino,outro",Indefinida,FILA,imgs/placeholder.png,👟,Pendente,"R$ 213,",300a600,iniciante,"neutra,naosabe",asfalto,custo,curta,Falta descrição automática.,https://www.amazon.com.br/dp/B0FVYG21JQ?tag=tenisideal26-20
"masculino,outro",Indefinida,Under Armour,imgs/placeholder.png,👟,Pendente,"R$ 223,",300a600,iniciante,"neutra,naosabe",asfalto,custo,curta,Falta descrição automática.,https://www.amazon.com.br/dp/B0FCSPVJSZ?tag=tenisideal26-20
"masculino,outro",Indefinida,Under Armour,imgs/placeholder.png,👟,Pendente,"R$ 351,",300a600,iniciante,"neutra,naosabe",asfalto,custo,curta,Falta descrição automática.,https://www.amazon.com.br/dp/B0FCVND62P?tag=tenisideal26-20
"masculino,outro",Indefinida,Olympikus,imgs/placeholder.png,👟,Pendente,"R$ 199,",300a600,iniciante,"neutra,naosabe",asfalto,custo,curta,Falta descrição automática.,https://www.amazon.com.br/dp/B0DWBY9KTW?tag=tenisideal26-20
"masculino,outro",Indefinida,FILA,imgs/placeholder.png,👟,Pendente,"R$ 299,",300a600,iniciante,"neutra,naosabe",asfalto,custo,curta,Falta descrição automática.,https://www.amazon.com.br/dp/B0FH4D9LLS?tag=tenisideal26-20
"masculino,outro",Indefinida,Olympikus,imgs/placeholder.png,👟,Pendente,"R$ 179,",300a600,iniciante,"neutra,naosabe",asfalto,custo,curta,Falta descrição automática.,https://www.amazon.com.br/dp/B0DD1ZX831?tag=tenisideal26-20
"masculino,outro",Indefinida,FILA,imgs/placeholder.png,👟,Pendente,"R$ 289,",300a600,iniciante,"neutra,naosabe",asfalto,custo,curta,Falta descrição automática.,https://www.amazon.com.br/dp/B0FXJGX9ZF?tag=tenisideal26-20
"masculino,outro",Indefinida,FILA,imgs/placeholder.png,👟,Pendente,"R$ 166,",300a600,iniciante,"neutra,naosabe",asfalto,custo,curta,Falta descrição automática.,https://www.amazon.com.br/dp/B0D9KXNPSS?tag=tenisideal26-20
"masculino,outro",Indefinida,Olympikus,imgs/placeholder.png,👟,Pendente,"R$ 169,",300a600,iniciante,"neutra,naosabe",asfalto,custo,curta,Falta descrição automática.,https://www.amazon.com.br/dp/B0DXMMYYZP?tag=tenisideal26-20
"masculino,outro",Indefinida,Olympikus,imgs/placeholder.png,👟,Pendente,"R$ 193,",300a600,iniciante,"neutra,naosabe",asfalto,custo,curta,Falta descrição automática.,https://www.amazon.com.br/dp/B0D43KTC6H?tag=tenisideal26-20
"masculino,outro",Indefinida,Under Armour,imgs/placeholder.png,👟,Pendente,"R$ 340,",300a600,iniciante,"neutra,naosabe",asfalto,custo,curta,Falta descrição automática.,https://www.amazon.com.br/dp/B0FPDMQWHL?tag=tenisideal26-20
"masculino,outro",Indefinida,New Balance,imgs/placeholder.png,👟,Pendente,"R$ 259,",300a600,iniciante,"neutra,naosabe",asfalto,custo,curta,Falta descrição automática.,https://www.amazon.com.br/dp/B0DXM856Q4?tag=tenisideal26-20
"masculino,outro",Indefinida,FILA,imgs/placeholder.png,👟,Pendente,"R$ 284,",300a600,iniciante,"neutra,naosabe",asfalto,custo,curta,Falta descrição automática.,https://www.amazon.com.br/dp/B0FH48YX4Z?tag=tenisideal26-20
"masculino,outro",Indefinida,Olympikus,imgs/placeholder.png,👟,Pendente,"R$ 179,",300a600,iniciante,"neutra,naosabe",asfalto,custo,curta,Falta descrição automática.,https://www.amazon.com.br/dp/B0DDF27FPH?tag=tenisideal26-20
"masculino,outro",Indefinida,Under Armour,imgs/placeholder.png,👟,Pendente,"R$ 207,",300a600,iniciante,"neutra,naosabe",asfalto,custo,curta,Falta descrição automática.,https://www.amazon.com.br/dp/B0FP3W8SH4?tag=tenisideal26-20
"masculino,outro",Indefinida,FILA,imgs/placeholder.png,👟,Pendente,"R$ 234,",300a600,iniciante,"neutra,naosabe",asfalto,custo,curta,Falta descrição automática.,https://www.amazon.com.br/dp/B0FH4HL5DM?tag=tenisideal26-20
"masculino,outro",Indefinida,New Balance,imgs/placeholder.png,👟,Pendente,"R$ 268,",300a600,iniciante,"neutra,naosabe",asfalto,custo,curta,Falta descrição automática.,https://www.amazon.com.br/dp/B0FJPNM9SG?tag=tenisideal26-20
"masculino,outro",Indefinida,FILA,imgs/placeholder.png,👟,Pendente,"R$ 228,",300a600,iniciante,"neutra,naosabe",asfalto,custo,curta,Falta descrição automática.,https://www.amazon.com.br/dp/B0DWPC4V18?tag=tenisideal26-20
"masculino,outro",Indefinida,Olympikus,imgs/placeholder.png,👟,Pendente,"R$ 249,",300a600,iniciante,"neutra,naosabe",asfalto,custo,curta,Falta descrição automática.,https://www.amazon.com.br/dp/B0DWC22Y7J?tag=tenisideal26-20
"masculino,outro",Indefinida,FILA,imgs/placeholder.png,👟,Pendente,"R$ 203,",300a600,iniciante,"neutra,naosabe",asfalto,custo,curta,Falta descrição automática.,https://www.amazon.com.br/dp/B0DTQ5493R?tag=tenisideal26-20
"masculino,outro",Indefinida,PUMA,imgs/placeholder.png,👟,Pendente,"R$ 224,",300a600,iniciante,"neutra,naosabe",asfalto,custo,curta,Falta descrição automática.,https://www.amazon.com.br/dp/B0FXBB871Y?tag=tenisideal26-20
"masculino,outro",Indefinida,Under Armour,imgs/placeholder.png,👟,Pendente,"R$ 284,",300a600,iniciante,"neutra,naosabe",asfalto,custo,curta,Falta descrição automática.,https://www.amazon.com.br/dp/B0CXQ6DHDP?tag=tenisideal26-20
"masculino,outro",Indefinida,FILA,imgs/placeholder.png,👟,Pendente,"R$ 205,",300a600,iniciante,"neutra,naosabe",asfalto,custo,curta,Falta descrição automática.,https://www.amazon.com.br/dp/B0DTQ547PS?tag=tenisideal26-20
"masculino,outro",Indefinida,Under Armour,imgs/placeholder.png,👟,Pendente,"R$ 305,",300a600,iniciante,"neutra,naosabe",asfalto,custo,curta,Falta descrição automática.,https://www.amazon.com.br/dp/B0FCVVZB3C?tag=tenisideal26-20
"masculino,outro",Indefinida,FILA,imgs/placeholder.png,👟,Pendente,"R$ 289,",300a600,iniciante,"neutra,naosabe",asfalto,custo,curta,Falta descrição automática.,https://www.amazon.com.br/dp/B0FH4MDTST?tag=tenisideal26-20
"masculino,outro",Indefinida,Olympikus,imgs/placeholder.png,👟,Pendente,"R$ 189,",300a600,iniciante,"neutra,naosabe",asfalto,custo,curta,Falta descrição automática.,https://www.amazon.com.br/dp/B0F1C6KSV8?tag=tenisideal26-20
"masculino,outro",Indefinida,Olympikus,imgs/placeholder.png,👟,Pendente,"R$ 242,",300a600,iniciante,"neutra,naosabe",asfalto,custo,curta,Falta descrição automática.,https://www.amazon.com.br/dp/B0FNS2LQW9?tag=tenisideal26-20
"masculino,outro",Indefinida,Under Armour,imgs/placeholder.png,👟,Pendente,"R$ 264,",300a600,iniciante,"neutra,naosabe",asfalto,custo,curta,Falta descrição automática.,https://www.amazon.com.br/dp/B0FM4CVD5V?tag=tenisideal26-20
"masculino,outro",Indefinida,FILA,imgs/placeholder.png,👟,Pendente,"R$ 231,",300a600,iniciante,"neutra,naosabe",asfalto,custo,curta,Falta descrição automática.,https://www.amazon.com.br/dp/B0FH4BHZJC?tag=tenisideal26-20
"masculino,outro",Indefinida,Avia,imgs/placeholder.png,👟,Pendente,"R$ 373,",300a600,iniciante,"neutra,naosabe",asfalto,custo,curta,Falta descrição automática.,https://www.amazon.com.br/dp/B09PPMNTHW?tag=tenisideal26-20
"masculino,outro",Indefinida,ASICS,imgs/placeholder.png,👟,Pendente,"R$ 2.501,",300a600,iniciante,"neutra,naosabe",asfalto,custo,curta,Falta descrição automática.,https://www.amazon.com.br/dp/B0DPLV4L92?tag=tenisideal26-20
"masculino,outro",Indefinida,Unkai,imgs/placeholder.png,👟,Pendente,"R$ 99,",300a600,iniciante,"neutra,naosabe",asfalto,custo,curta,Falta descrição automática.,https://www.amazon.com.br/dp/B0GQBS2KRP?tag=tenisideal26-20
"masculino,outro",Indefinida,ALTRA,imgs/placeholder.png,👟,Pendente,"R$ 985,",300a600,iniciante,"neutra,naosabe",asfalto,custo,curta,Falta descrição automática.,https://www.amazon.com.br/dp/B0D481SJK1?tag=tenisideal26-20
"masculino,outro",Indefinida,BOB ESPORTES,imgs/placeholder.png,👟,Pendente,"R$ 39,",300a600,iniciante,"neutra,naosabe",asfalto,custo,curta,Falta descrição automática.,https://www.amazon.com.br/dp/B0GFQ2ZQJ4?tag=tenisideal26-20
"masculino,outro",Indefinida,DANISH ENDURANCE,imgs/placeholder.png,👟,Pendente,"R$ 191,",300a600,iniciante,"neutra,naosabe",asfalto,custo,curta,Falta descrição automática.,https://www.amazon.com.br/dp/B08K99XVPD?tag=tenisideal26-20
"masculino,outro",Indefinida,Genérico,imgs/placeholder.png,👟,Pendente,"R$ 38,",300a600,iniciante,"neutra,naosabe",asfalto,custo,curta,Falta descrição automática.,https://www.amazon.com.br/dp/B0FRP7N6Z4?tag=tenisideal26-20
"masculino,outro",Indefinida,Genérico,imgs/placeholder.png,👟,Pendente,"R$ 27,",300a600,iniciante,"neutra,naosabe",asfalto,custo,curta,Falta descrição automática.,https://www.amazon.com.br/dp/B0GL358C7Y?tag=tenisideal26-20
"masculino,outro",Indefinida,FILA,imgs/placeholder.png,👟,Pendente,"R$ 217,",300a600,iniciante,"neutra,naosabe",asfalto,custo,curta,Falta descrição automática.,https://www.amazon.com.br/dp/B0FH475CB2?tag=tenisideal26-20
"masculino,outro",Indefinida,FILA,imgs/placeholder.png,👟,Pendente,"R$ 236,",300a600,iniciante,"neutra,naosabe",asfalto,custo,curta,Falta descrição automática.,https://www.amazon.com.br/dp/B0DTQ77YDV?tag=tenisideal26-20
"masculino,outro",Indefinida,FILA,imgs/placeholder.png,👟,Pendente,"R$ 215,",300a600,iniciante,"neutra,naosabe",asfalto,custo,curta,Falta descrição automática.,https://www.amazon.com.br/dp/B0FCVHP8CL?tag=tenisideal26-20
"masculino,outro",Indefinida,FILA,imgs/placeholder.png,👟,Pendente,"R$ 479,",300a600,iniciante,"neutra,naosabe",asfalto,custo,curta,Falta descrição automática.,https://www.amazon.com.br/dp/B0DFTWLFFQ?tag=tenisideal26-20
"masculino,outro",Indefinida,Olympikus,imgs/placeholder.png,👟,Pendente,"R$ 189,",300a600,iniciante,"neutra,naosabe",asfalto,custo,curta,Falta descrição automática.,https://www.amazon.com.br/dp/B0DXMM35X2?tag=tenisideal26-20
"masculino,outro",Indefinida,Olympikus,imgs/placeholder.png,👟,Pendente,"R$ 152,",300a600,iniciante,"neutra,naosabe",asfalto,custo,curta,Falta descrição automática.,https://www.amazon.com.br/dp/B0DDQGBM8N?tag=tenisideal26-20
"masculino,outro",Indefinida,Olympikus,imgs/placeholder.png,👟,Pendente,"R$ 152,",300a600,iniciante,"neutra,naosabe",asfalto,custo,curta,Falta descrição automática.,https://www.amazon.com.br/dp/B0DG62QN87?tag=tenisideal26-20
"masculino,outro",Indefinida,Olympikus,imgs/placeholder.png,👟,Pendente,"R$ 161,",300a600,iniciante,"neutra,naosabe",asfalto,custo,curta,Falta descrição automática.,https://www.amazon.com.br/dp/B0DDHN3NNV?tag=tenisideal26-20
"masculino,outro",Indefinida,FILA,imgs/placeholder.png,👟,Pendente,"R$ 479,",300a600,iniciante,"neutra,naosabe",asfalto,custo,curta,Falta descrição automática.,https://www.amazon.com.br/dp/B0FJGXTHD8?tag=tenisideal26-20
"masculino,outro",Indefinida,ASICS,imgs/placeholder.png,👟,Pendente,"R$ 330,",300a600,iniciante,"neutra,naosabe",asfalto,custo,curta,Falta descrição automática.,https://www.amazon.com.br/dp/B0FSHHX9DN?tag=tenisideal26-20
"masculino,outro",Indefinida,Olympikus,imgs/placeholder.png,👟,Pendente,"R$ 185,",300a600,iniciante,"neutra,naosabe",asfalto,custo,curta,Falta descrição automática.,https://www.amazon.com.br/dp/B0DFR1NYWK?tag=tenisideal26-20
"masculino,outro",Indefinida,FILA,imgs/placeholder.png,👟,Pendente,"R$ 239,",300a600,iniciante,"neutra,naosabe",asfalto,custo,curta,Falta descrição automática.,https://www.amazon.com.br/dp/B0FH47RGDZ?tag=tenisideal26-20
"masculino,outro",Indefinida,FILA,imgs/placeholder.png,👟,Pendente,"R$ 269,",300a600,iniciante,"neutra,naosabe",asfalto,custo,curta,Falta descrição automática.,https://www.amazon.com.br/dp/B0DTQ5W4QQ?tag=tenisideal26-20
"masculino,outro",Indefinida,Mizuno,imgs/placeholder.png,👟,Pendente,"R$ 239,",300a600,iniciante,"neutra,naosabe",asfalto,custo,curta,Falta descrição automática.,https://www.amazon.com.br/dp/B0CC73CWXZ?tag=tenisideal26-20
"masculino,outro",Indefinida,Olympikus,imgs/placeholder.png,👟,Pendente,"R$ 249,",300a600,iniciante,"neutra,naosabe",asfalto,custo,curta,Falta descrição automática.,https://www.amazon.com.br/dp/B0D322JYKF?tag=tenisideal26-20
"masculino,outro",Indefinida,New Balance,imgs/placeholder.png,👟,Pendente,"R$ 808,",300a600,iniciante,"neutra,naosabe",asfalto,custo,curta,Falta descrição automática.,https://www.amazon.com.br/dp/B0CLB7CPW7?tag=tenisideal26-20
"masculino,outro",Indefinida,New Balance,imgs/placeholder.png,👟,Pendente,"R$ 809,",300a600,iniciante,"neutra,naosabe",asfalto,custo,curta,Falta descrição automática.,https://www.amazon.com.br/dp/B0CNKWP7S8?tag=tenisideal26-20
"masculino,outro",Indefinida,Mizuno,imgs/placeholder.png,👟,Pendente,"R$ 309,",300a600,iniciante,"neutra,naosabe",asfalto,custo,curta,Falta descrição automática.,https://www.amazon.com.br/dp/B0FNS5BZ96?tag=tenisideal26-20
"masculino,outro",Indefinida,adidas,imgs/placeholder.png,👟,Pendente,"R$ 291,",300a600,iniciante,"neutra,naosabe",asfalto,custo,curta,Falta descrição automática.,https://www.amazon.com.br/dp/B0D7MSJFJB?tag=tenisideal26-20
"masculino,outro",Indefinida,Mizuno,imgs/placeholder.png,👟,Pendente,"R$ 379,",300a600,iniciante,"neutra,naosabe",asfalto,custo,curta,Falta descrição automática.,https://www.amazon.com.br/dp/B0FFTVL298?tag=tenisideal26-20
"masculino,outro",Indefinida,Olympikus,imgs/placeholder.png,👟,Pendente,"R$ 257,",300a600,iniciante,"neutra,naosabe",asfalto,custo,curta,Falta descrição automática.,https://www.amazon.com.br/dp/B0FTW488ZZ?tag=tenisideal26-20
"masculino,outro",Indefinida,Mizuno,imgs/placeholder.png,👟,Pendente,"R$ 285,",300a600,iniciante,"neutra,naosabe",asfalto,custo,curta,Falta descrição automática.,https://www.amazon.com.br/dp/B0DYK3YCWL?tag=tenisideal26-20
"masculino,outro",Indefinida,Olympikus,imgs/placeholder.png,👟,Pendente,"R$ 269,",300a600,iniciante,"neutra,naosabe",asfalto,custo,curta,Falta descrição automática.,https://www.amazon.com.br/dp/B0F2GS38QM?tag=tenisideal26-20
"masculino,outro",Indefinida,Mizuno,imgs/placeholder.png,👟,Pendente,"R$ 309,",300a600,iniciante,"neutra,naosabe",asfalto,custo,curta,Falta descrição automática.,https://www.amazon.com.br/dp/B0FVHSQZDF?tag=tenisideal26-20
"masculino,outro",Indefinida,Mizuno,imgs/placeholder.png,👟,Pendente,"R$ 429,",300a600,iniciante,"neutra,naosabe",asfalto,custo,curta,Falta descrição automática.,https://www.amazon.com.br/dp/B0FN96BTM6?tag=tenisideal26-20
"masculino,outro",Indefinida,Under Armour,imgs/placeholder.png,👟,Pendente,"R$ 269,",300a600,iniciante,"neutra,naosabe",asfalto,custo,curta,Falta descrição automática.,https://www.amazon.com.br/dp/B0FP3Q86H9?tag=tenisideal26-20
"masculino,outro",Indefinida,FILA,imgs/placeholder.png,👟,Pendente,"R$ 365,",300a600,iniciante,"neutra,naosabe",asfalto,custo,curta,Falta descrição automática.,https://www.amazon.com.br/dp/B0DWP5TY8J?tag=tenisideal26-20
"masculino,outro",Indefinida,Mizuno,imgs/placeholder.png,👟,Pendente,"R$ 269,",300a600,iniciante,"neutra,naosabe",asfalto,custo,curta,Falta descrição automática.,https://www.amazon.com.br/dp/B0G8QWC8XV?tag=tenisideal26-20
"masculino,outro",Indefinida,FILA,imgs/placeholder.png,👟,Pendente,"R$ 314,",300a600,iniciante,"neutra,naosabe",asfalto,custo,curta,Falta descrição automática.,https://www.amazon.com.br/dp/B0FH3QR1XY?tag=tenisideal26-20
"masculino,outro",Indefinida,Olympikus,imgs/placeholder.png,👟,Pendente,"R$ 251,",300a600,iniciante,"neutra,naosabe",asfalto,custo,curta,Falta descrição automática.,https://www.amazon.com.br/dp/B0CWVQ31HN?tag=tenisideal26-20
"masculino,outro",Indefinida,Under Armour,imgs/placeholder.png,👟,Pendente,"R$ 259,",300a600,iniciante,"neutra,naosabe",asfalto,custo,curta,Falta descrição automática.,https://www.amazon.com.br/dp/B0FM4HBG8L?tag=tenisideal26-20
"masculino,outro",Indefinida,Under Armour,imgs/placeholder.png,👟,Pendente,"R$ 376,",300a600,iniciante,"neutra,naosabe",asfalto,custo,curta,Falta descrição automática.,https://www.amazon.com.br/dp/B0DLGYNWRD?tag=tenisideal26-20
"masculino,outro",Indefinida,Mizuno,imgs/placeholder.png,👟,Pendente,"R$ 203,",300a600,iniciante,"neutra,naosabe",asfalto,custo,curta,Falta descrição automática.,https://www.amazon.com.br/dp/B0D1DDBKML?tag=tenisideal26-20
"masculino,outro",Indefinida,FILA,imgs/placeholder.png,👟,Pendente,"R$ 279,",300a600,iniciante,"neutra,naosabe",asfalto,custo,curta,Falta descrição automática.,https://www.amazon.com.br/dp/B0FH45DXC3?tag=tenisideal26-20
"masculino,outro",Indefinida,PUMA,imgs/placeholder.png,👟,Pendente,"R$ 288,",300a600,iniciante,"neutra,naosabe",asfalto,custo,curta,Falta descrição automática.,https://www.amazon.com.br/dp/B0FD16NMZG?tag=tenisideal26-20
"masculino,outro",Indefinida,FILA,imgs/placeholder.png,👟,Pendente,"R$ 469,",300a600,iniciante,"neutra,naosabe",asfalto,custo,curta,Falta descrição automática.,https://www.amazon.com.br/dp/B0FRB17T91?tag=tenisideal26-20
"masculino,outro",Indefinida,DM DAMANDO,imgs/placeholder.png,👟,Pendente,"R$ 69,",300a600,iniciante,"neutra,naosabe",asfalto,custo,curta,Falta descrição automática.,https://www.amazon.com.br/dp/B0GKB56RT4?tag=tenisideal26-20
"masculino,outro",Indefinida,Olympikus,imgs/placeholder.png,👟,Pendente,"R$ 259,",300a600,iniciante,"neutra,naosabe",asfalto,custo,curta,Falta descrição automática.,https://www.amazon.com.br/dp/B0FL82Z7VT?tag=tenisideal26-20
"masculino,outro",Indefinida,PUMA,imgs/placeholder.png,👟,Pendente,"R$ 289,",300a600,iniciante,"neutra,naosabe",asfalto,custo,curta,Falta descrição automática.,https://www.amazon.com.br/dp/B0DJ985ZLL?tag=tenisideal26-20
"masculino,outro",Indefinida,FILA,imgs/placeholder.png,👟,Pendente,"R$ 289,",300a600,iniciante,"neutra,naosabe",asfalto,custo,curta,Falta descrição automática.,https://www.amazon.com.br/dp/B0DR2Y6PQG?tag=tenisideal26-20
"masculino,outro",Indefinida,DM DAMANDO,imgs/placeholder.png,👟,Pendente,"R$ 69,",300a600,iniciante,"neutra,naosabe",asfalto,custo,curta,Falta descrição automática.,https://www.amazon.com.br/dp/B0DF4XDM27?tag=tenisideal26-20
"masculino,outro",Indefinida,FILA,imgs/placeholder.png,👟,Pendente,"R$ 215,",300a600,iniciante,"neutra,naosabe",asfalto,custo,curta,Falta descrição automática.,https://www.amazon.com.br/dp/B0FH49WVCS?tag=tenisideal26-20
"masculino,outro",Indefinida,Olympikus,imgs/placeholder.png,👟,Pendente,"R$ 275,",300a600,iniciante,"neutra,naosabe",asfalto,custo,curta,Falta descrição automática.,https://www.amazon.com.br/dp/B0FNKL58T2?tag=tenisideal26-20
"masculino,outro",Indefinida,PUMA,imgs/placeholder.png,👟,Pendente,"R$ 301,",300a600,iniciante,"neutra,naosabe",asfalto,custo,curta,Falta descrição automática.,https://www.amazon.com.br/dp/B0DSLTS57N?tag=tenisideal26-20
"masculino,outro",Indefinida,PUMA,imgs/placeholder.png,👟,Pendente,"R$ 289,",300a600,iniciante,"neutra,naosabe",asfalto,custo,curta,Falta descrição automática.,https://www.amazon.com.br/dp/B0DJ8X186L?tag=tenisideal26-20
"masculino,outro",Indefinida,Mizuno,imgs/placeholder.png,👟,Pendente,"R$ 199,",300a600,iniciante,"neutra,naosabe",asfalto,custo,curta,Falta descrição automática.,https://www.amazon.com.br/dp/B0CTBBNQW6?tag=tenisideal26-20
"masculino,outro",Indefinida,Mizuno,imgs/placeholder.png,👟,Pendente,"R$ 269,",300a600,iniciante,"neutra,naosabe",asfalto,custo,curta,Falta descrição automática.,https://www.amazon.com.br/dp/B0FNS3LBF1?tag=tenisideal26-20
"masculino,outro",Indefinida,DM DAMANDO,imgs/placeholder.png,👟,Pendente,"R$ 69,",300a600,iniciante,"neutra,naosabe",asfalto,custo,curta,Falta descrição automática.,https://www.amazon.com.br/dp/B0F6WTN8KB?tag=tenisideal26-20
"masculino,outro",Indefinida,Under Armour,imgs/placeholder.png,👟,Pendente,"R$ 289,",300a600,iniciante,"neutra,naosabe",asfalto,custo,curta,Falta descrição automática.,https://www.amazon.com.br/dp/B0FPHLPHLT?tag=tenisideal26-20
"masculino,outro",Indefinida,FILA,imgs/placeholder.png,👟,Pendente,"R$ 328,",300a600,iniciante,"neutra,naosabe",asfalto,custo,curta,Falta descrição automática.,https://www.amazon.com.br/dp/B0FMZYLC8B?tag=tenisideal26-20
"masculino,outro",Indefinida,ASICS,imgs/placeholder.png,👟,Pendente,"R$ 651,",300a600,iniciante,"neutra,naosabe",asfalto,custo,curta,Falta descrição automática.,https://www.amazon.com.br/dp/B0D3VM7TJ1?tag=tenisideal26-20
"masculino,outro",Indefinida,ASICS,imgs/placeholder.png,👟,Pendente,"R$ 1.127,",300a600,iniciante,"neutra,naosabe",asfalto,custo,curta,Falta descrição automática.,https://www.amazon.com.br/dp/B0FCJ2L6MW?tag=tenisideal26-20
"masculino,outro",Indefinida,Avia,imgs/placeholder.png,👟,Pendente,"R$ 373,",300a600,iniciante,"neutra,naosabe",asfalto,custo,curta,Falta descrição automática.,https://www.amazon.com.br/dp/B09V3J5QKY?tag=tenisideal26-20
"masculino,outro",Indefinida,J COLOUR,imgs/placeholder.png,👟,Pendente,"R$ 62,",300a600,iniciante,"neutra,naosabe",asfalto,custo,curta,Falta descrição automática.,https://www.amazon.com.br/dp/B0FPQLC1KL?tag=tenisideal26-20
"masculino,outro",Indefinida,DANISH ENDURANCE,imgs/placeholder.png,👟,Pendente,"R$ 191,",300a600,iniciante,"neutra,naosabe",asfalto,custo,curta,Falta descrição automática.,https://www.amazon.com.br/dp/B08K9B662F?tag=tenisideal26-20
"masculino,outro",Indefinida,DUPIN,imgs/placeholder.png,👟,Pendente,"R$ 66,",300a600,iniciante,"neutra,naosabe",asfalto,custo,curta,Falta descrição automática.,https://www.amazon.com.br/dp/B0DGMMRWMY?tag=tenisideal26-20
"masculino,outro",Indefinida,Unkai,imgs/placeholder.png,👟,Pendente,"R$ 123,",300a600,iniciante,"neutra,naosabe",asfalto,custo,curta,Falta descrição automática.,https://www.amazon.com.br/dp/B0GQWNKY7J?tag=tenisideal26-20
"masculino,outro",Indefinida,PUMA,imgs/placeholder.png,👟,Pendente,"R$ 188,",300a600,iniciante,"neutra,naosabe",asfalto,custo,curta,Falta descrição automática.,https://www.amazon.com.br/dp/B0C341VY9G?tag=tenisideal26-20
"masculino,outro",Indefinida,Skechers,imgs/placeholder.png,👟,Pendente,"R$ 399,",300a600,iniciante,"neutra,naosabe",asfalto,custo,curta,Falta descrição automática.,https://www.amazon.com.br/dp/B0F9LMGM2V?tag=tenisideal26-20
"masculino,outro",Indefinida,Olympikus,imgs/placeholder.png,👟,Pendente,"R$ 249,",300a600,iniciante,"neutra,naosabe",asfalto,custo,curta,Falta descrição automática.,https://www.amazon.com.br/dp/B0CXZM5TMQ?tag=tenisideal26-20
"masculino,outro",Indefinida,New Balance,imgs/placeholder.png,👟,Pendente,"R$ 252,",300a600,iniciante,"neutra,naosabe",asfalto,custo,curta,Falta descrição automática.,https://www.amazon.com.br/dp/B0F6WJ96LZ?tag=tenisideal26-20
"masculino,outro",Indefinida,ASICS,imgs/placeholder.png,👟,Pendente,"R$ 493,",300a600,iniciante,"neutra,naosabe",asfalto,custo,curta,Falta descrição automática.,https://www.amazon.com.br/dp/B0D79MNNCJ?tag=tenisideal26-20
"masculino,outro",Indefinida,Under Armour,imgs/placeholder.png,👟,Pendente,"R$ 447,",300a600,iniciante,"neutra,naosabe",asfalto,custo,curta,Falta descrição automática.,https://www.amazon.com.br/dp/B0FFJZW1XY?tag=tenisideal26-20
"masculino,outro",Indefinida,New Balance,imgs/placeholder.png,👟,Pendente,"R$ 342,",300a600,iniciante,"neutra,naosabe",asfalto,custo,curta,Falta descrição automática.,https://www.amazon.com.br/dp/B0FJPCB6LY?tag=tenisideal26-20
"masculino,outro",Indefinida,Mizuno,imgs/placeholder.png,👟,Pendente,"R$ 309,",300a600,iniciante,"neutra,naosabe",asfalto,custo,curta,Falta descrição automática.,https://www.amazon.com.br/dp/B0FNS4HL3L?tag=tenisideal26-20
"masculino,outro",Indefinida,New Balance,imgs/placeholder.png,👟,Pendente,"R$ 769,",300a600,iniciante,"neutra,naosabe",asfalto,custo,curta,Falta descrição automática.,https://www.amazon.com.br/dp/B0D2Y5S2BR?tag=tenisideal26-20
"masculino,outro",Indefinida,ASICS,imgs/placeholder.png,👟,Pendente,"R$ 699,",300a600,iniciante,"neutra,naosabe",asfalto,custo,curta,Falta descrição automática.,https://www.amazon.com.br/dp/B0FF2X5GTG?tag=tenisideal26-20
"masculino,outro",Indefinida,ASICS,imgs/placeholder.png,👟,Pendente,"R$ 1.585,",300a600,iniciante,"neutra,naosabe",asfalto,custo,curta,Falta descrição automática.,https://www.amazon.com.br/dp/B0FV79RQQY?tag=tenisideal26-20
"masculino,outro",Indefinida,ASICS,imgs/placeholder.png,👟,Pendente,"R$ 399,",300a600,iniciante,"neutra,naosabe",asfalto,custo,curta,Falta descrição automática.,https://www.amazon.com.br/dp/B0F9PV2ZYK?tag=tenisideal26-20
"masculino,outro",Indefinida,PUMA,imgs/placeholder.png,👟,Pendente,"R$ 289,",300a600,iniciante,"neutra,naosabe",asfalto,custo,curta,Falta descrição automática.,https://www.amazon.com.br/dp/B0FCZXXNPM?tag=tenisideal26-20
"masculino,outro",Indefinida,PUMA,imgs/placeholder.png,👟,Pendente,"R$ 192,",300a600,iniciante,"neutra,naosabe",asfalto,custo,curta,Falta descrição automática.,https://www.amazon.com.br/dp/B0D1YKJCQW?tag=tenisideal26-20
"masculino,outro",Indefinida,FILA,imgs/placeholder.png,👟,Pendente,"R$ 287,",300a600,iniciante,"neutra,naosabe",asfalto,custo,curta,Falta descrição automática.,https://www.amazon.com.br/dp/B0CW6QG41V?tag=tenisideal26-20
"masculino,outro",Indefinida,New Balance,imgs/placeholder.png,👟,Pendente,"R$ 303,",300a600,iniciante,"neutra,naosabe",asfalto,custo,curta,Falta descrição automática.,https://www.amazon.com.br/dp/B0DVJXXQ8Y?tag=tenisideal26-20
"masculino,outro",Indefinida,Olympikus,imgs/placeholder.png,👟,Pendente,"R$ 249,",300a600,iniciante,"neutra,naosabe",asfalto,custo,curta,Falta descrição automática.,https://www.amazon.com.br/dp/B0D2RXYN12?tag=tenisideal26-20
"masculino,outro",Indefinida,Olympikus,imgs/placeholder.png,👟,Pendente,"R$ 180,",300a600,iniciante,"neutra,naosabe",asfalto,custo,curta,Falta descrição automática.,https://www.amazon.com.br/dp/B0DVCFKBRZ?tag=tenisideal26-20
"masculino,outro",Indefinida,FILA,imgs/placeholder.png,👟,Pendente,"R$ 497,",300a600,iniciante,"neutra,naosabe",asfalto,custo,curta,Falta descrição automática.,https://www.amazon.com.br/dp/B0FS7MG8TB?tag=tenisideal26-20
"masculino,outro",Indefinida,Olympikus,imgs/placeholder.png,👟,Pendente,"R$ 334,",300a600,iniciante,"neutra,naosabe",asfalto,custo,curta,Falta descrição automática.,https://www.amazon.com.br/dp/B0BXFKM5SS?tag=tenisideal26-20
"masculino,outro",Indefinida,Mizuno,imgs/placeholder.png,👟,Pendente,"R$ 299,",300a600,iniciante,"neutra,naosabe",asfalto,custo,curta,Falta descrição automática.,https://www.amazon.com.br/dp/B0CB1VC9JB?tag=tenisideal26-20
"masculino,outro",Indefinida,Olympikus,imgs/placeholder.png,👟,Pendente,"R$ 369,",300a600,iniciante,"neutra,naosabe",asfalto,custo,curta,Falta descrição automática.,https://www.amazon.com.br/dp/B0FYHQ69FC?tag=tenisideal26-20
"masculino,outro",Indefinida,Mizuno,imgs/placeholder.png,👟,Pendente,"R$ 358,",300a600,iniciante,"neutra,naosabe",asfalto,custo,curta,Falta descrição automática.,https://www.amazon.com.br/dp/B0F568M55P?tag=tenisideal26-20
"masculino,outro",Indefinida,RDW,imgs/placeholder.png,👟,Pendente,"R$ 95,",300a600,iniciante,"neutra,naosabe",asfalto,custo,curta,Falta descrição automática.,https://www.amazon.com.br/dp/B0FBMMR5WG?tag=tenisideal26-20
"masculino,outro",Indefinida,adidas,imgs/placeholder.png,👟,Pendente,"R$ 482,",300a600,iniciante,"neutra,naosabe",asfalto,custo,curta,Falta descrição automática.,https://www.amazon.com.br/dp/B0G1FG874C?tag=tenisideal26-20
"masculino,outro",Indefinida,Under Armour,imgs/placeholder.png,👟,Pendente,"R$ 286,",300a600,iniciante,"neutra,naosabe",asfalto,custo,curta,Falta descrição automática.,https://www.amazon.com.br/dp/B0FPR88W41?tag=tenisideal26-20
"masculino,outro",Indefinida,Rainha,imgs/placeholder.png,👟,Pendente,"R$ 132,",300a600,iniciante,"neutra,naosabe",asfalto,custo,curta,Falta descrição automática.,https://www.amazon.com.br/dp/B0G3CLCS5P?tag=tenisideal26-20
"masculino,outro",Indefinida,Under Armour,imgs/placeholder.png,👟,Pendente,"R$ 419,",300a600,iniciante,"neutra,naosabe",asfalto,custo,curta,Falta descrição automática.,https://www.amazon.com.br/dp/B0C31PGSYC?tag=tenisideal26-20
"masculino,outro",Indefinida,Genérico,imgs/placeholder.png,👟,Pendente,"R$ 98,",300a600,iniciante,"neutra,naosabe",asfalto,custo,curta,Falta descrição automática.,https://www.amazon.com.br/dp/B0FGZT5FQ8?tag=tenisideal26-20
"masculino,outro",Indefinida,Via Nautic,imgs/placeholder.png,👟,Pendente,"R$ 156,",300a600,iniciante,"neutra,naosabe",asfalto,custo,curta,Falta descrição automática.,https://www.amazon.com.br/dp/B0CGY1QX92?tag=tenisideal26-20
"masculino,outro",Indefinida,DM DAMANDO,imgs/placeholder.png,👟,Pendente,"R$ 69,",300a600,iniciante,"neutra,naosabe",asfalto,custo,curta,Falta descrição automática.,https://www.amazon.com.br/dp/B0F6X1XVVP?tag=tenisideal26-20
"masculino,outro",Indefinida,adidas,imgs/placeholder.png,👟,Pendente,"R$ 565,",300a600,iniciante,"neutra,naosabe",asfalto,custo,curta,Falta descrição automática.,https://www.amazon.com.br/dp/B0DJV86TLW?tag=tenisideal26-20
"masculino,outro",Indefinida,Olympikus,imgs/placeholder.png,👟,Pendente,"R$ 174,",300a600,iniciante,"neutra,naosabe",asfalto,custo,curta,Falta descrição automática.,https://www.amazon.com.br/dp/B0CDSWLMLY?tag=tenisideal26-20
"masculino,outro",Indefinida,Skechers,imgs/placeholder.png,👟,Pendente,"R$ 428,",300a600,iniciante,"neutra,naosabe",asfalto,custo,curta,Falta descrição automática.,https://www.amazon.com.br/dp/B0D5SS6JPV?tag=tenisideal26-20
"masculino,outro",Indefinida,PUMA,imgs/placeholder.png,👟,Pendente,"R$ 314,",300a600,iniciante,"neutra,naosabe",asfalto,custo,curta,Falta descrição automática.,https://www.amazon.com.br/dp/B0DPD3WPJC?tag=tenisideal26-20
"masculino,outro",Indefinida,Olympikus,imgs/placeholder.png,👟,Pendente,"R$ 209,",300a600,iniciante,"neutra,naosabe",asfalto,custo,curta,Falta descrição automática.,https://www.amazon.com.br/dp/B0BQ9CVMMC?tag=tenisideal26-20
"masculino,outro",Indefinida,Genérico,imgs/placeholder.png,👟,Pendente,"R$ 74,",300a600,iniciante,"neutra,naosabe",asfalto,custo,curta,Falta descrição automática.,https://www.amazon.com.br/dp/B0G8QBGXDL?tag=tenisideal26-20
"masculino,outro",Indefinida,Genérico,imgs/placeholder.png,👟,Pendente,"R$ 143,",300a600,iniciante,"neutra,naosabe",asfalto,custo,curta,Falta descrição automática.,https://www.amazon.com.br/dp/B0GMYTLK4D?tag=tenisideal26-20
"masculino,outro",Indefinida,New Balance,imgs/placeholder.png,👟,Pendente,"R$ 989,",300a600,iniciante,"neutra,naosabe",asfalto,custo,curta,Falta descrição automática.,https://www.amazon.com.br/dp/B0DJV5CL5T?tag=tenisideal26-20
"masculino,outro",Indefinida,ASICS,imgs/placeholder.png,👟,Pendente,"R$ 708,",300a600,iniciante,"neutra,naosabe",asfalto,custo,curta,Falta descrição automática.,https://www.amazon.com.br/dp/B07RN21B9D?tag=tenisideal26-20
"masculino,outro",Indefinida,Mizuno,imgs/placeholder.png,👟,Pendente,"R$ 349,",300a600,iniciante,"neutra,naosabe",asfalto,custo,curta,Falta descrição automática.,https://www.amazon.com.br/dp/B0CB1R37DJ?tag=tenisideal26-20
"masculino,outro",Indefinida,ASICS,imgs/placeholder.png,👟,Pendente,"R$ 2.318,",300a600,iniciante,"neutra,naosabe",asfalto,custo,curta,Falta descrição automática.,https://www.amazon.com.br/dp/B0D7ZCL8RT?tag=tenisideal26-20
"masculino,outro",Indefinida,ASICS,imgs/placeholder.png,👟,Pendente,"R$ 2.089,",300a600,iniciante,"neutra,naosabe",asfalto,custo,curta,Falta descrição automática.,https://www.amazon.com.br/dp/B0DPLTCPBQ?tag=tenisideal26-20
"masculino,outro",Indefinida,Unkai,imgs/placeholder.png,👟,Pendente,"R$ 123,",300a600,iniciante,"neutra,naosabe",asfalto,custo,curta,Falta descrição automática.,https://www.amazon.com.br/dp/B0GQWVHTLN?tag=tenisideal26-20
"masculino,outro",Indefinida,ALTRA,imgs/placeholder.png,👟,Pendente,"R$ 1.273,",300a600,iniciante,"neutra,naosabe",asfalto,custo,curta,Falta descrição automática.,https://www.amazon.com.br/dp/B0CQ3D142K?tag=tenisideal26-20
"masculino,outro",Indefinida,NIKE,imgs/placeholder.png,👟,Pendente,"R$ 1.402,",300a600,iniciante,"neutra,naosabe",asfalto,custo,curta,Falta descrição automática.,https://www.amazon.com.br/dp/B0723BDB81?tag=tenisideal26-20
"masculino,outro",Indefinida,Merrell,imgs/placeholder.png,👟,Pendente,"R$ 1.128,",300a600,iniciante,"neutra,naosabe",asfalto,custo,curta,Falta descrição automática.,https://www.amazon.com.br/dp/B0DT19287Q?tag=tenisideal26-20
"masculino,outro",Indefinida,Genérico,imgs/placeholder.png,👟,Pendente,"R$ 194,",300a600,iniciante,"neutra,naosabe",asfalto,custo,curta,Falta descrição automática.,https://www.amazon.com.br/dp/B0DJFYP1RM?tag=tenisideal26-20
"masculino,outro",Indefinida,FILA,imgs/placeholder.png,👟,Pendente,"R$ 404,",300a600,iniciante,"neutra,naosabe",asfalto,custo,curta,Falta descrição automática.,https://www.amazon.com.br/dp/B0DWPCJJ2X?tag=tenisideal26-20
"masculino,outro",Indefinida,FILA,imgs/placeholder.png,👟,Pendente,"R$ 529,",300a600,iniciante,"neutra,naosabe",asfalto,custo,curta,Falta descrição automática.,https://www.amazon.com.br/dp/B0DR31P44F?tag=tenisideal26-20
"masculino,outro",Indefinida,Olympikus,imgs/placeholder.png,👟,Pendente,"R$ 269,",300a600,iniciante,"neutra,naosabe",asfalto,custo,curta,Falta descrição automática.,https://www.amazon.com.br/dp/B0CFCHR98Q?tag=tenisideal26-20
"masculino,outro",Indefinida,Under Armour,imgs/placeholder.png,👟,Pendente,"R$ 529,",300a600,iniciante,"neutra,naosabe",asfalto,custo,curta,Falta descrição automática.,https://www.amazon.com.br/dp/B0DLGWMY9N?tag=tenisideal26-20
"masculino,outro",Indefinida,ASICS,imgs/placeholder.png,👟,Pendente,"R$ 449,",300a600,iniciante,"neutra,naosabe",asfalto,custo,curta,Falta descrição automática.,https://www.amazon.com.br/dp/B0F5BKVLC2?tag=tenisideal26-20
"masculino,outro",Indefinida,FILA,imgs/placeholder.png,👟,Pendente,"R$ 419,",300a600,iniciante,"neutra,naosabe",asfalto,custo,curta,Falta descrição automática.,https://www.amazon.com.br/dp/B0GGJQYTHM?tag=tenisideal26-20
"masculino,outro",Indefinida,New Balance,imgs/placeholder.png,👟,Pendente,"R$ 438,",300a600,iniciante,"neutra,naosabe",asfalto,custo,curta,Falta descrição automática.,https://www.amazon.com.br/dp/B0BN6WK88P?tag=tenisideal26-20
"masculino,outro",Indefinida,Bull Terrier,imgs/placeholder.png,👟,Pendente,"R$ 339,",300a600,iniciante,"neutra,naosabe",asfalto,custo,curta,Falta descrição automática.,https://www.amazon.com.br/dp/B07FXX1TSF?tag=tenisideal26-20
"masculino,outro",Indefinida,Macboot,imgs/placeholder.png,👟,Pendente,"R$ 399,",300a600,iniciante,"neutra,naosabe",asfalto,custo,curta,Falta descrição automática.,https://www.amazon.com.br/dp/B0DMTW1CQ7?tag=tenisideal26-20
"masculino,outro",Indefinida,New Balance,imgs/placeholder.png,👟,Pendente,"R$ 479,",300a600,iniciante,"neutra,naosabe",asfalto,custo,curta,Falta descrição automática.,https://www.amazon.com.br/dp/B0FSSP1F3X?tag=tenisideal26-20
"masculino,outro",Indefinida,Áine,imgs/placeholder.png,👟,Pendente,"R$ 199,",300a600,iniciante,"neutra,naosabe",asfalto,custo,curta,Falta descrição automática.,https://www.amazon.com.br/dp/B0DSJYGZTL?tag=tenisideal26-20
"masculino,outro",Indefinida,FILA,imgs/placeholder.png,👟,Pendente,"R$ 583,",300a600,iniciante,"neutra,naosabe",asfalto,custo,curta,Falta descrição automática.,https://www.amazon.com.br/dp/B0FGL9WYQG?tag=tenisideal26-20
"masculino,outro",Indefinida,ASICS,imgs/placeholder.png,👟,Pendente,"R$ 619,",300a600,iniciante,"neutra,naosabe",asfalto,custo,curta,Falta descrição automática.,https://www.amazon.com.br/dp/B0F5BLPR2W?tag=tenisideal26-20
"masculino,outro",Indefinida,Salomon,imgs/placeholder.png,👟,Pendente,"R$ 503,",300a600,iniciante,"neutra,naosabe",asfalto,custo,curta,Falta descrição automática.,https://www.amazon.com.br/dp/B09MS6HRGG?tag=tenisideal26-20
"masculino,outro",Indefinida,NIKE,imgs/placeholder.png,👟,Pendente,"R$ 887,",300a600,iniciante,"neutra,naosabe",asfalto,custo,curta,Falta descrição automática.,https://www.amazon.com.br/dp/B0DG6ZHZ42?tag=tenisideal26-20
"masculino,outro",Indefinida,Merrell,imgs/placeholder.png,👟,Pendente,"R$ 1.457,",300a600,iniciante,"neutra,naosabe",asfalto,custo,curta,Falta descrição automática.,https://www.amazon.com.br/dp/B0CTFQXCN9?tag=tenisideal26-20
"masculino,outro",Indefinida,Merrell,imgs/placeholder.png,👟,Pendente,"R$ 699,",300a600,iniciante,"neutra,naosabe",asfalto,custo,curta,Falta descrição automática.,https://www.amazon.com.br/dp/B0C59F5DMR?tag=tenisideal26-20
"masculino,outro",Indefinida,Merrell,imgs/placeholder.png,👟,Pendente,"R$ 963,",300a600,iniciante,"neutra,naosabe",asfalto,custo,curta,Falta descrição automática.,https://www.amazon.com.br/dp/B0DT171NDK?tag=tenisideal26-20
"masculino,outro",Indefinida,Merrell,imgs/placeholder.png,👟,Pendente,"R$ 832,",300a600,iniciante,"neutra,naosabe",asfalto,custo,curta,Falta descrição automática.,https://www.amazon.com.br/dp/B0C9MYW4WX?tag=tenisideal26-20
"masculino,outro",Indefinida,Olympikus,imgs/placeholder.png,👟,Pendente,"R$ 446,",300a600,iniciante,"neutra,naosabe",asfalto,custo,curta,Falta descrição automática.,https://www.amazon.com.br/dp/B0C3576KJ8?tag=tenisideal26-20
"masculino,outro",Indefinida,New Balance,imgs/placeholder.png,👟,Pendente,"R$ 635,",300a600,iniciante,"neutra,naosabe",asfalto,custo,curta,Falta descrição automática.,https://www.amazon.com.br/dp/B0D1LMFSXZ?tag=tenisideal26-20
"masculino,outro",Indefinida,Bull Terrier,imgs/placeholder.png,👟,Pendente,"R$ 428,",300a600,iniciante,"neutra,naosabe",asfalto,custo,curta,Falta descrição automática.,https://www.amazon.com.br/dp/B07V823RJQ?tag=tenisideal26-20
"masculino,outro",Indefinida,Salomon,imgs/placeholder.png,👟,Pendente,"R$ 666,",300a600,iniciante,"neutra,naosabe",asfalto,custo,curta,Falta descrição automática.,https://www.amazon.com.br/dp/B0C9ZY5PXH?tag=tenisideal26-20
"masculino,outro",Indefinida,JOOMRA,imgs/placeholder.png,👟,Pendente,"R$ 352,",300a600,iniciante,"neutra,naosabe",asfalto,custo,curta,Falta descrição automática.,https://www.amazon.com.br/dp/B087N5CY9R?tag=tenisideal26-20
"masculino,outro",Indefinida,PUMA,imgs/placeholder.png,👟,Pendente,"R$ 555,",300a600,iniciante,"neutra,naosabe",asfalto,custo,curta,Falta descrição automática.,https://www.amazon.com.br/dp/B0DQ8M5G1R?tag=tenisideal26-20
"masculino,outro",Indefinida,TANGYUGEN,imgs/placeholder.png,👟,Pendente,"R$ 306,",300a600,iniciante,"neutra,naosabe",asfalto,custo,curta,Falta descrição automática.,https://www.amazon.com.br/dp/B0B826ZSXH?tag=tenisideal26-20
"masculino,outro",Indefinida,PUMA,imgs/placeholder.png,👟,Pendente,"R$ 577,",300a600,iniciante,"neutra,naosabe",asfalto,custo,curta,Falta descrição automática.,https://www.amazon.com.br/dp/B0DWZ4RNLM?tag=tenisideal26-20
"masculino,outro",Indefinida,SKDOIUL,imgs/placeholder.png,👟,Pendente,"R$ 281,",300a600,iniciante,"neutra,naosabe",asfalto,custo,curta,Falta descrição automática.,https://www.amazon.com.br/dp/B0DNM1B4FK?tag=tenisideal26-20
"masculino,outro",Indefinida,ASICS,imgs/placeholder.png,👟,Pendente,"R$ 619,",300a600,iniciante,"neutra,naosabe",asfalto,custo,curta,Falta descrição automática.,https://www.amazon.com.br/dp/B0FB9J1K7K?tag=tenisideal26-20
"masculino,outro",Indefinida,Olympikus,imgs/placeholder.png,👟,Pendente,"R$ 446,",300a600,iniciante,"neutra,naosabe",asfalto,custo,curta,Falta descrição automática.,https://www.amazon.com.br/dp/B0C35NJ2N4?tag=tenisideal26-20
"masculino,outro",Indefinida,SKDOIUL,imgs/placeholder.png,👟,Pendente,"R$ 284,",300a600,iniciante,"neutra,naosabe",asfalto,custo,curta,Falta descrição automática.,https://www.amazon.com.br/dp/B0DNLYS31Y?tag=tenisideal26-20
"masculino,outro",Indefinida,New Balance,imgs/placeholder.png,👟,Pendente,"R$ 494,",300a600,iniciante,"neutra,naosabe",asfalto,custo,curta,Falta descrição automática.,https://www.amazon.com.br/dp/B0D2BR1RHM?tag=tenisideal26-20
"masculino,outro",Indefinida,Olympikus,imgs/placeholder.png,👟,Pendente,"R$ 599,",300a600,iniciante,"neutra,naosabe",asfalto,custo,curta,Falta descrição automática.,https://www.amazon.com.br/dp/B0DJFVXKW3?tag=tenisideal26-20
"masculino,outro",Indefinida,New Balance,imgs/placeholder.png,👟,Pendente,"R$ 603,",300a600,iniciante,"neutra,naosabe",asfalto,custo,curta,Falta descrição automática.,https://www.amazon.com.br/dp/B0BJ7N5J6N?tag=tenisideal26-20
"masculino,outro",Indefinida,HI-TEC,imgs/placeholder.png,👟,Pendente,"R$ 432,",300a600,iniciante,"neutra,naosabe",asfalto,custo,curta,Falta descrição automática.,https://www.amazon.com.br/dp/B0GKWTJDD7?tag=tenisideal26-20
"masculino,outro",Indefinida,ASICS,imgs/placeholder.png,👟,Pendente,"R$ 829,",300a600,iniciante,"neutra,naosabe",asfalto,custo,curta,Falta descrição automática.,https://www.amazon.com.br/dp/B0F5BR3V3J?tag=tenisideal26-20
"masculino,outro",Indefinida,WHITIN,imgs/placeholder.png,👟,Pendente,"R$ 442,",300a600,iniciante,"neutra,naosabe",asfalto,custo,curta,Falta descrição automática.,https://www.amazon.com.br/dp/B098L9TSSN?tag=tenisideal26-20
"masculino,outro",Indefinida,NIKE,imgs/placeholder.png,👟,Pendente,"R$ 764,",300a600,iniciante,"neutra,naosabe",asfalto,custo,curta,Falta descrição automática.,https://www.amazon.com.br/dp/B098F5SWV5?tag=tenisideal26-20
"masculino,outro",Indefinida,New Balance,imgs/placeholder.png,👟,Pendente,"R$ 849,",300a600,iniciante,"neutra,naosabe",asfalto,custo,curta,Falta descrição automática.,https://www.amazon.com.br/dp/B0CGJSJDKY?tag=tenisideal26-20
"masculino,outro",Indefinida,Skechers,imgs/placeholder.png,👟,Pendente,"R$ 572,",300a600,iniciante,"neutra,naosabe",asfalto,custo,curta,Falta descrição automática.,https://www.amazon.com.br/dp/B07WC2XDV6?tag=tenisideal26-20
"masculino,outro",Indefinida,NIKE,imgs/placeholder.png,👟,Pendente,"R$ 1.033,",300a600,iniciante,"neutra,naosabe",asfalto,custo,curta,Falta descrição automática.,https://www.amazon.com.br/dp/B0D1YD9CSY?tag=tenisideal26-20
"masculino,outro",Indefinida,ASITVO,imgs/placeholder.png,👟,Pendente,"R$ 511,",300a600,iniciante,"neutra,naosabe",asfalto,custo,curta,Falta descrição automática.,https://www.amazon.com.br/dp/B0D4PSWL1H?tag=tenisideal26-20
"masculino,outro",Indefinida,HOBIBEAR,imgs/placeholder.png,👟,Pendente,"R$ 421,",300a600,iniciante,"neutra,naosabe",asfalto,custo,curta,Falta descrição automática.,https://www.amazon.com.br/dp/B0DXN563LC?tag=tenisideal26-20
"masculino,outro",Indefinida,Brooks,imgs/placeholder.png,👟,Pendente,"R$ 1.035,",300a600,iniciante,"neutra,naosabe",asfalto,custo,curta,Falta descrição automática.,https://www.amazon.com.br/dp/B0CPMHCMNL?tag=tenisideal26-20
"masculino,outro",Indefinida,adidas,imgs/placeholder.png,👟,Pendente,"R$ 795,",300a600,iniciante,"neutra,naosabe",asfalto,custo,curta,Falta descrição automática.,https://www.amazon.com.br/dp/B0D2JKHGNZ?tag=tenisideal26-20
"masculino,outro",Indefinida,adidas,imgs/placeholder.png,👟,Pendente,"R$ 777,",300a600,iniciante,"neutra,naosabe",asfalto,custo,curta,Falta descrição automática.,https://www.amazon.com.br/dp/B0D2PK5V18?tag=tenisideal26-20
"masculino,outro",Indefinida,Lamincoa,imgs/placeholder.png,👟,Pendente,"R$ 288,",300a600,iniciante,"neutra,naosabe",asfalto,custo,curta,Falta descrição automática.,https://www.amazon.com.br/dp/B0DT175BS2?tag=tenisideal26-20
"masculino,outro",Indefinida,TSIODFO,imgs/placeholder.png,👟,Pendente,"R$ 356,",300a600,iniciante,"neutra,naosabe",asfalto,custo,curta,Falta descrição automática.,https://www.amazon.com.br/dp/B091KHSRQ5?tag=tenisideal26-20
"masculino,outro",Indefinida,New Balance,imgs/placeholder.png,👟,Pendente,"R$ 767,",300a600,iniciante,"neutra,naosabe",asfalto,custo,curta,Falta descrição automática.,https://www.amazon.com.br/dp/B0BHJLWMCQ?tag=tenisideal26-20
"masculino,outro",Indefinida,Fangsto,imgs/placeholder.png,👟,Pendente,"R$ 269,",300a600,iniciante,"neutra,naosabe",asfalto,custo,curta,Falta descrição automática.,https://www.amazon.com.br/dp/B0FCBCVCKT?tag=tenisideal26-20
"masculino,outro",Indefinida,QueroShoes,imgs/placeholder.png,👟,Pendente,"R$ 79,",300a600,iniciante,"neutra,naosabe",asfalto,custo,curta,Falta descrição automática.,https://www.amazon.com.br/dp/B08DWJG91P?tag=tenisideal26-20
"masculino,outro",Indefinida,Merrell,imgs/placeholder.png,👟,Pendente,"R$ 1.128,",300a600,iniciante,"neutra,naosabe",asfalto,custo,curta,Falta descrição automática.,https://www.amazon.com.br/dp/B0DTMKSC6V?tag=tenisideal26-20
"masculino,outro",Indefinida,ALTRA,imgs/placeholder.png,👟,Pendente,"R$ 1.864,",300a600,iniciante,"neutra,naosabe",asfalto,custo,curta,Falta descrição automática.,https://www.amazon.com.br/dp/B0FD2NFBKP?tag=tenisideal26-20
"masculino,outro",Indefinida,Merrell,imgs/placeholder.png,👟,Pendente,"R$ 930,",300a600,iniciante,"neutra,naosabe",asfalto,custo,curta,Falta descrição automática.,https://www.amazon.com.br/dp/B0CTFRZFFB?tag=tenisideal26-20
"masculino,outro",Indefinida,Merrell,imgs/placeholder.png,👟,Pendente,"R$ 2.270,",300a600,iniciante,"neutra,naosabe",asfalto,custo,curta,Falta descrição automática.,https://www.amazon.com.br/dp/B0CLYKNYFW?tag=tenisideal26-20
"masculino,outro",Indefinida,J COLOUR,imgs/placeholder.png,👟,Pendente,"R$ 62,",300a600,iniciante,"neutra,naosabe",asfalto,custo,curta,Falta descrição automática.,https://www.amazon.com.br/dp/B0FPQK7W3Q?tag=tenisideal26-20
"masculino,outro",Indefinida,DANISH ENDURANCE,imgs/placeholder.png,👟,Pendente,"R$ 191,",300a600,iniciante,"neutra,naosabe",asfalto,custo,curta,Falta descrição automática.,https://www.amazon.com.br/dp/B08K99FY2C?tag=tenisideal26-20
"masculino,outro",Indefinida,Genérico,imgs/placeholder.png,👟,Pendente,"R$ 19,",300a600,iniciante,"neutra,naosabe",asfalto,custo,curta,Falta descrição automática.,https://www.amazon.com.br/dp/B0FR9MKDXB?tag=tenisideal26-20
"masculino,outro",Indefinida,Genérico,imgs/placeholder.png,👟,Pendente,"R$ 119,",300a600,iniciante,"neutra,naosabe",asfalto,custo,curta,Falta descrição automática.,https://www.amazon.com.br/dp/B0FPXRFDHH?tag=tenisideal26-20
"masculino,outro",Indefinida,PUMA,imgs/placeholder.png,👟,Pendente,"R$ 294,",300a600,iniciante,"neutra,naosabe",asfalto,custo,curta,Falta descrição automática.,https://www.amazon.com.br/dp/B0CKJ6FDW1?tag=tenisideal26-20
"masculino,outro",Indefinida,PUMA,imgs/placeholder.png,👟,Pendente,"R$ 268,",300a600,iniciante,"neutra,naosabe",asfalto,custo,curta,Falta descrição automática.,https://www.amazon.com.br/dp/B0C3432RGY?tag=tenisideal26-20
"masculino,outro",Indefinida,Under Armour,imgs/placeholder.png,👟,Pendente,"R$ 301,",300a600,iniciante,"neutra,naosabe",asfalto,custo,curta,Falta descrição automática.,https://www.amazon.com.br/dp/B0FB46S68Z?tag=tenisideal26-20
"masculino,outro",Indefinida,CALCADOS LGHT LIGHT,imgs/placeholder.png,👟,Pendente,"R$ 49,",300a600,iniciante,"neutra,naosabe",asfalto,custo,curta,Falta descrição automática.,https://www.amazon.com.br/dp/B0F38L3Q4K?tag=tenisideal26-20
"masculino,outro",Indefinida,Genérico,imgs/placeholder.png,👟,Pendente,"R$ 78,",300a600,iniciante,"neutra,naosabe",asfalto,custo,curta,Falta descrição automática.,https://www.amazon.com.br/dp/B0F3WCGD13?tag=tenisideal26-20
"masculino,outro",Indefinida,Via Nautic,imgs/placeholder.png,👟,Pendente,"R$ 149,",300a600,iniciante,"neutra,naosabe",asfalto,custo,curta,Falta descrição automática.,https://www.amazon.com.br/dp/B0G3D578L5?tag=tenisideal26-20
"masculino,outro",Indefinida,Mizuno,imgs/placeholder.png,👟,Pendente,"R$ 309,",300a600,iniciante,"neutra,naosabe",asfalto,custo,curta,Falta descrição automática.,https://www.amazon.com.br/dp/B0FNS52DR4?tag=tenisideal26-20
"masculino,outro",Indefinida,Mizuno,imgs/placeholder.png,👟,Pendente,"R$ 329,",300a600,iniciante,"neutra,naosabe",asfalto,custo,curta,Falta descrição automática.,https://www.amazon.com.br/dp/B0CB1TGXQ8?tag=tenisideal26-20
"masculino,outro",Indefinida,ASICS,imgs/placeholder.png,👟,Pendente,"R$ 2.318,",300a600,iniciante,"neutra,naosabe",asfalto,custo,curta,Falta descrição automática.,https://www.amazon.com.br/dp/B0D7ZC3JJS?tag=tenisideal26-20
"masculino,outro",Indefinida,Mountain Hardwear,imgs/placeholder.png,👟,Pendente,"R$ 686,",300a600,iniciante,"neutra,naosabe",asfalto,custo,curta,Falta descrição automática.,https://www.amazon.com.br/dp/B0CPH22BLV?tag=tenisideal26-20
"masculino,outro",Indefinida,PUMA,imgs/placeholder.png,👟,Pendente,"R$ 259,",300a600,iniciante,"neutra,naosabe",asfalto,custo,curta,Falta descrição automática.,https://www.amazon.com.br/dp/B098PC1RK4?tag=tenisideal26-20
"masculino,outro",Indefinida,Reebok,imgs/placeholder.png,👟,Pendente,"R$ 324,",300a600,iniciante,"neutra,naosabe",asfalto,custo,curta,Falta descrição automática.,https://www.amazon.com.br/dp/B0CNX8P1BN?tag=tenisideal26-20
"masculino,outro",Indefinida,Genérico,imgs/placeholder.png,👟,Pendente,"R$ 109,",300a600,iniciante,"neutra,naosabe",asfalto,custo,curta,Falta descrição automática.,https://www.amazon.com.br/dp/B0FJVSS8YH?tag=tenisideal26-20
"masculino,outro",Indefinida,Genérico,imgs/placeholder.png,👟,Pendente,"R$ 129,",300a600,iniciante,"neutra,naosabe",asfalto,custo,curta,Falta descrição automática.,https://www.amazon.com.br/dp/B0FB515NCS?tag=tenisideal26-20
"masculino,outro",Indefinida,Genérico,imgs/placeholder.png,👟,Pendente,"R$ 95,",300a600,iniciante,"neutra,naosabe",asfalto,custo,curta,Falta descrição automática.,https://www.amazon.com.br/dp/B0FPXS5DJP?tag=tenisideal26-20
"masculino,outro",Indefinida,Cr cronos,imgs/placeholder.png,👟,Pendente,"R$ 65,",300a600,iniciante,"neutra,naosabe",asfalto,custo,curta,Falta descrição automática.,https://www.amazon.com.br/dp/B0FPSCCX5W?tag=tenisideal26-20
"masculino,outro",Indefinida,Genérico,imgs/placeholder.png,👟,Pendente,"R$ 109,",300a600,iniciante,"neutra,naosabe",asfalto,custo,curta,Falta descrição automática.,https://www.amazon.com.br/dp/B0FH1GTQTZ?tag=tenisideal26-20
"masculino,outro",Indefinida,Yes Basic,imgs/placeholder.png,👟,Pendente,"R$ 136,",300a600,iniciante,"neutra,naosabe",asfalto,custo,curta,Falta descrição automática.,https://www.amazon.com.br/dp/B0DXLJXKKZ?tag=tenisideal26-20
"masculino,outro",Indefinida,Luiza Paula,imgs/placeholder.png,👟,Pendente,"R$ 99,",300a600,iniciante,"neutra,naosabe",asfalto,custo,curta,Falta descrição automática.,https://www.amazon.com.br/dp/B0C929K122?tag=tenisideal26-20
"masculino,outro",Indefinida,Luiza Paula,imgs/placeholder.png,👟,Pendente,"R$ 99,",300a600,iniciante,"neutra,naosabe",asfalto,custo,curta,Falta descrição automática.,https://www.amazon.com.br/dp/B0CBN5SW9B?tag=tenisideal26-20
"masculino,outro",Indefinida,EVOLTENN,imgs/placeholder.png,👟,Pendente,"R$ 69,",300a600,iniciante,"neutra,naosabe",asfalto,custo,curta,Falta descrição automática.,https://www.amazon.com.br/dp/B0D5YSPJWT?tag=tenisideal26-20
"masculino,outro",Indefinida,Via Nautic,imgs/placeholder.png,👟,Pendente,"R$ 156,",300a600,iniciante,"neutra,naosabe",asfalto,custo,curta,Falta descrição automática.,https://www.amazon.com.br/dp/B0CGXZYV9T?tag=tenisideal26-20
"masculino,outro",Indefinida,MAX FEET,imgs/placeholder.png,👟,Pendente,"R$ 69,",300a600,iniciante,"neutra,naosabe",asfalto,custo,curta,Falta descrição automática.,https://www.amazon.com.br/dp/B0FVB5BM2M?tag=tenisideal26-20
"masculino,outro",Indefinida,Genérico,imgs/placeholder.png,👟,Pendente,"R$ 66,",300a600,iniciante,"neutra,naosabe",asfalto,custo,curta,Falta descrição automática.,https://www.amazon.com.br/dp/B0F3NC2JN6?tag=tenisideal26-20
"masculino,outro",Indefinida,New Balance,imgs/placeholder.png,👟,Pendente,"R$ 799,",300a600,iniciante,"neutra,naosabe",asfalto,custo,curta,Falta descrição automática.,https://www.amazon.com.br/dp/B0C3535WZ9?tag=tenisideal26-20
"masculino,outro",Indefinida,Olympikus,imgs/placeholder.png,👟,Pendente,"R$ 309,",300a600,iniciante,"neutra,naosabe",asfalto,custo,curta,Falta descrição automática.,https://www.amazon.com.br/dp/B0CXMHXK9Y?tag=tenisideal26-20
"masculino,outro",Indefinida,Yes Basic,imgs/placeholder.png,👟,Pendente,"R$ 71,",300a600,iniciante,"neutra,naosabe",asfalto,custo,curta,Falta descrição automática.,https://www.amazon.com.br/dp/B0DBM44Y7J?tag=tenisideal26-20
"masculino,outro",Indefinida,Olympikus,imgs/placeholder.png,👟,Pendente,"R$ 249,",300a600,iniciante,"neutra,naosabe",asfalto,custo,curta,Falta descrição automática.,https://www.amazon.com.br/dp/B0CCC1J6PS?tag=tenisideal26-20
"masculino,outro",Indefinida,Olympikus,imgs/placeholder.png,👟,Pendente,"R$ 249,",300a600,iniciante,"neutra,naosabe",asfalto,custo,curta,Falta descrição automática.,https://www.amazon.com.br/dp/B0CCBGRJCM?tag=tenisideal26-20
"masculino,outro",Indefinida,OLDSEN,imgs/placeholder.png,👟,Pendente,"R$ 69,",300a600,iniciante,"neutra,naosabe",asfalto,custo,curta,Falta descrição automática.,https://www.amazon.com.br/dp/B0FVHJLPHN?tag=tenisideal26-20
"masculino,outro",Indefinida,EVOLTENN,imgs/placeholder.png,👟,Pendente,"R$ 79,",300a600,iniciante,"neutra,naosabe",asfalto,custo,curta,Falta descrição automática.,https://www.amazon.com.br/dp/B0FHBVSHPK?tag=tenisideal26-20
"masculino,outro",Indefinida,Genérico,imgs/placeholder.png,👟,Pendente,"R$ 76,",300a600,iniciante,"neutra,naosabe",asfalto,custo,curta,Falta descrição automática.,https://www.amazon.com.br/dp/B0GFSFMRL1?tag=tenisideal26-20
"masculino,outro",Indefinida,Genérico,imgs/placeholder.png,👟,Pendente,"R$ 138,",300a600,iniciante,"neutra,naosabe",asfalto,custo,curta,Falta descrição automática.,https://www.amazon.com.br/dp/B0D9Z8KD3M?tag=tenisideal26-20
"masculino,outro",Indefinida,QueroShoes,imgs/placeholder.png,👟,Pendente,"R$ 104,",300a600,iniciante,"neutra,naosabe",asfalto,custo,curta,Falta descrição automática.,https://www.amazon.com.br/dp/B0FHBZ5ZKB?tag=tenisideal26-20
"masculino,outro",Indefinida,OLDSEN,imgs/placeholder.png,👟,Pendente,"R$ 64,",300a600,iniciante,"neutra,naosabe",asfalto,custo,curta,Falta descrição automática.,https://www.amazon.com.br/dp/B0FC42V9XQ?tag=tenisideal26-20
"masculino,outro",Indefinida,Genérico,imgs/placeholder.png,👟,Pendente,"R$ 119,",300a600,iniciante,"neutra,naosabe",asfalto,custo,curta,Falta descrição automática.,https://www.amazon.com.br/dp/B0D7WGQR5Y?tag=tenisideal26-20
"masculino,outro",Indefinida,Genérico,imgs/placeholder.png,👟,Pendente,"R$ 67,",300a600,iniciante,"neutra,naosabe",asfalto,custo,curta,Falta descrição automática.,https://www.amazon.com.br/dp/B0FL16DYHD?tag=tenisideal26-20
"masculino,outro",Indefinida,QueroShoes,imgs/placeholder.png,👟,Pendente,"R$ 89,",300a600,iniciante,"neutra,naosabe",asfalto,custo,curta,Falta descrição automática.,https://www.amazon.com.br/dp/B0BS9LTCGG?tag=tenisideal26-20
"masculino,outro",Indefinida,It Shoes,imgs/placeholder.png,👟,Pendente,"R$ 78,",300a600,iniciante,"neutra,naosabe",asfalto,custo,curta,Falta descrição automática.,https://www.amazon.com.br/dp/B0BVMNPHRN?tag=tenisideal26-20
"masculino,outro",Indefinida,OLDSEN,imgs/placeholder.png,👟,Pendente,"R$ 64,",300a600,iniciante,"neutra,naosabe",asfalto,custo,curta,Falta descrição automática.,https://www.amazon.com.br/dp/B0DZDYNNRH?tag=tenisideal26-20
"masculino,outro",Indefinida,Sandrini,imgs/placeholder.png,👟,Pendente,"R$ 59,",300a600,iniciante,"neutra,naosabe",asfalto,custo,curta,Falta descrição automática.,https://www.amazon.com.br/dp/B0G54CGRFJ?tag=tenisideal26-20
"masculino,outro",Indefinida,ASICS,imgs/placeholder.png,👟,Pendente,"R$ 2.318,",300a600,iniciante,"neutra,naosabe",asfalto,custo,curta,Falta descrição automática.,https://www.amazon.com.br/dp/B0CFP3NCZM?tag=tenisideal26-20
"masculino,outro",Indefinida,Avia,imgs/placeholder.png,👟,Pendente,"R$ 373,",300a600,iniciante,"neutra,naosabe",asfalto,custo,curta,Falta descrição automática.,https://www.amazon.com.br/dp/B09PPS88BJ?tag=tenisideal26-20
"masculino,outro",Indefinida,ASICS,imgs/placeholder.png,👟,Pendente,"R$ 2.089,",300a600,iniciante,"neutra,naosabe",asfalto,custo,curta,Falta descrição automática.,https://www.amazon.com.br/dp/B0DPLTJYG3?tag=tenisideal26-20
"masculino,outro",Indefinida,ALTRA,imgs/placeholder.png,👟,Pendente,"R$ 1.180,",300a600,iniciante,"neutra,naosabe",asfalto,custo,curta,Falta descrição automática.,https://www.amazon.com.br/dp/B0DN7FN48N?tag=tenisideal26-20
"masculino,outro",Indefinida,DANISH ENDURANCE,imgs/placeholder.png,👟,Pendente,"R$ 191,",300a600,iniciante,"neutra,naosabe",asfalto,custo,curta,Falta descrição automática.,https://www.amazon.com.br/dp/B08K98X1FT?tag=tenisideal26-20
"masculino,outro",Indefinida,Genérico,imgs/placeholder.png,👟,Pendente,"R$ 95,",300a600,iniciante,"neutra,naosabe",asfalto,custo,curta,Falta descrição automática.,https://www.amazon.com.br/dp/B0FPXS9572?tag=tenisideal26-20
"masculino,outro",Indefinida,Genérico,imgs/placeholder.png,👟,Pendente,"R$ 109,",300a600,iniciante,"neutra,naosabe",asfalto,custo,curta,Falta descrição automática.,https://www.amazon.com.br/dp/B0FH18VNZ4?tag=tenisideal26-20
"masculino,outro",Indefinida,Socviis,imgs/placeholder.png,👟,Pendente,"R$ 194,",300a600,iniciante,"neutra,naosabe",asfalto,custo,curta,Falta descrição automática.,https://www.amazon.com.br/dp/B094FQM3Q7?tag=tenisideal26-20
"masculino,outro",Indefinida,OUSY SHOES,imgs/placeholder.png,👟,Pendente,"R$ 78,",300a600,iniciante,"neutra,naosabe",asfalto,custo,curta,Falta descrição automática.,https://www.amazon.com.br/dp/B0DY2K4H14?tag=tenisideal26-20
"masculino,outro",Indefinida,Genérico,imgs/placeholder.png,👟,Pendente,"R$ 78,",300a600,iniciante,"neutra,naosabe",asfalto,custo,curta,Falta descrição automática.,https://www.amazon.com.br/dp/B0CLBYL8VD?tag=tenisideal26-20
"masculino,outro",Indefinida,Mizuno,imgs/placeholder.png,👟,Pendente,"R$ 309,",300a600,iniciante,"neutra,naosabe",asfalto,custo,curta,Falta descrição automática.,https://www.amazon.com.br/dp/B0FNS6YM7Z?tag=tenisideal26-20
"masculino,outro",Indefinida,ASICS,imgs/placeholder.png,👟,Pendente,"R$ 515,",300a600,iniciante,"neutra,naosabe",asfalto,custo,curta,Falta descrição automática.,https://www.amazon.com.br/dp/B071F9QTBW?tag=tenisideal26-20
"masculino,outro",Indefinida,Mizuno,imgs/placeholder.png,👟,Pendente,"R$ 349,",300a600,iniciante,"neutra,naosabe",asfalto,custo,curta,Falta descrição automática.,https://www.amazon.com.br/dp/B0CB1YBP8P?tag=tenisideal26-20
"masculino,outro",Indefinida,ALTRA,imgs/placeholder.png,👟,Pendente,"R$ 1.132,",300a600,iniciante,"neutra,naosabe",asfalto,custo,curta,Falta descrição automática.,https://www.amazon.com.br/dp/B0C4M5GJJ7?tag=tenisideal26-20
"masculino,outro",Indefinida,Genérico,imgs/placeholder.png,👟,Pendente,"R$ 69,",300a600,iniciante,"neutra,naosabe",asfalto,custo,curta,Falta descrição automática.,https://www.amazon.com.br/dp/B0G72G2CBH?tag=tenisideal26-20
"masculino,outro",Indefinida,Luiza Paula,imgs/placeholder.png,👟,Pendente,"R$ 99,",300a600,iniciante,"neutra,naosabe",asfalto,custo,curta,Falta descrição automática.,https://www.amazon.com.br/dp/B0C9298KR5?tag=tenisideal26-20
"masculino,outro",Indefinida,Genérico,imgs/placeholder.png,👟,Pendente,"R$ 67,",300a600,iniciante,"neutra,naosabe",asfalto,custo,curta,Falta descrição automática.,https://www.amazon.com.br/dp/B0FL14LGWD?tag=tenisideal26-20
"masculino,outro",Indefinida,QueroShoes,imgs/placeholder.png,👟,Pendente,"R$ 79,",300a600,iniciante,"neutra,naosabe",asfalto,custo,curta,Falta descrição automática.,https://www.amazon.com.br/dp/B0BKGHQ1LK?tag=tenisideal26-20
"masculino,outro",Indefinida,OLDSEN,imgs/placeholder.png,👟,Pendente,"R$ 99,",300a600,iniciante,"neutra,naosabe",asfalto,custo,curta,Falta descrição automática.,https://www.amazon.com.br/dp/B091DBMNBM?tag=tenisideal26-20
"masculino,outro",Indefinida,RDW,imgs/placeholder.png,👟,Pendente,"R$ 95,",300a600,iniciante,"neutra,naosabe",asfalto,custo,curta,Falta descrição automática.,https://www.amazon.com.br/dp/B0FBMM8NZ5?tag=tenisideal26-20
"masculino,outro",Indefinida,Avia,imgs/placeholder.png,👟,Pendente,"R$ 373,",300a600,iniciante,"neutra,naosabe",asfalto,custo,curta,Falta descrição automática.,https://www.amazon.com.br/dp/B09V3K7YHV?tag=tenisideal26-20
"masculino,outro",Indefinida,NIKE,imgs/placeholder.png,👟,Pendente,"R$ 1.586,",300a600,iniciante,"neutra,naosabe",asfalto,custo,curta,Falta descrição automática.,https://www.amazon.com.br/dp/B0D861Q33J?tag=tenisideal26-20
"masculino,outro",Indefinida,ALTRA,imgs/placeholder.png,👟,Pendente,"R$ 1.544,",300a600,iniciante,"neutra,naosabe",asfalto,custo,curta,Falta descrição automática.,https://www.amazon.com.br/dp/B0FD2C7Z19?tag=tenisideal26-20
"masculino,outro",Indefinida,ALTRA,imgs/placeholder.png,👟,Pendente,"R$ 1.452,",300a600,iniciante,"neutra,naosabe",asfalto,custo,curta,Falta descrição automática.,https://www.amazon.com.br/dp/B0D482JHRV?tag=tenisideal26-20
